step,energy,phi,level,phase,freedom_index,emotion,energy_growth_rate,level_crossing_time,phi_stability
1,6676.9611,0.136208,7,post_critical,0.886929,平静 (Equanimity),0.0,1,0.0
2,6702.5174,0.189466,7,post_critical,0.886105,平静 (Equanimity),25.556253,2,0.00070908
3,6730.3309,0.288086,7,post_critical,0.89214,平静 (Equanimity),27.813572,3,0.00395877
4,6761.5389,0.132423,7,post_critical,0.888789,平静 (Equanimity),31.208019,4,0.00394551
5,6797.1629,0.196451,7,post_critical,0.889858,平静 (Equanimity),35.623962,5,0.00317211
6,6839.8396,0.223493,7,post_critical,0.887748,平静 (Equanimity),42.676652,6,0.00281323
7,6883.6567,0.229196,7,post_critical,0.890476,平静 (Equanimity),43.817106,7,0.00255998
8,6925.1253,0.215842,7,post_critical,0.880205,平静 (Equanimity),41.468584,8,0.0022698
9,6968.4533,0.236541,7,post_critical,0.887414,平静 (Equanimity),43.32802,9,0.00213959
10,7015.6516,0.206903,7,post_critical,0.872439,平静 (Equanimity),47.19828,10,0.00192587
11,7063.3769,0.216425,7,post_critical,0.871431,平静 (Equanimity),47.725361,11,0.00176072
12,7119.1467,0.220656,7,post_critical,0.867386,平静 (Equanimity),55.769786,12,0.0016294
13,7171.2414,0.144811,7,post_critical,0.871598,平静 (Equanimity),52.094726,13,0.00178436
14,7223.1465,0.124557,7,post_critical,0.885736,平静 (Equanimity),51.905123,14,0.00206303
15,7290.9508,0.195627,7,post_critical,0.883888,平静 (Equanimity),67.804245,15,0.00192565
16,7365.207,0.160714,7,post_critical,0.877458,平静 (Equanimity),74.25616,16,0.00188293
17,7477.9775,0.216345,7,post_critical,0.897913,平静 (Equanimity),112.770567,17,0.00179778
18,7550.9772,0.261443,7,post_critical,0.891787,平静 (Equanimity),72.999675,18,0.00192191
19,7609.3733,0.225661,7,post_critical,0.885255,平静 (Equanimity),58.396133,19,0.00185428
20,7662.5952,0.203757,7,post_critical,0.882127,平静 (Equanimity),53.221848,20,0.0017619
21,7718.7221,0.265172,7,post_critical,0.876012,平静 (Equanimity),56.126943,21,0.00186342
22,7788.6723,0.15794,7,post_critical,0.870461,平静 (Equanimity),69.950159,22,0.00187187
23,7897.0266,0.285227,7,post_critical,0.892262,平静 (Equanimity),108.354306,23,0.00207738
24,8012.3207,0.257159,7,post_critical,0.890678,平静 (Equanimity),115.294146,24,0.00209624
25,8126.2293,0.205327,7,post_critical,0.856467,平静 (Equanimity),113.9086,25,0.00201264
26,8188.3517,0.238024,7,post_critical,0.860631,平静 (Equanimity),62.122362,26,0.00196898
27,8242.9216,0.226224,7,post_critical,0.880491,平静 (Equanimity),54.569924,27,0.00190666
28,8313.5279,0.234108,7,post_critical,0.86922,平静 (Equanimity),70.60628,28,0.00185922
29,8385.5457,0.271901,7,post_critical,0.882909,平静 (Equanimity),72.017839,29,0.00192066
30,8489.91,0.176369,7,post_critical,0.882513,平静 (Equanimity),104.364253,30,0.00189896
31,8606.0991,0.256848,7,post_critical,0.888308,平静 (Equanimity),116.189099,31,0.00190218
32,8704.6693,0.107716,7,post_critical,0.889875,平静 (Equanimity),98.570253,32,0.00217747
33,8835.1572,0.201639,7,post_critical,0.878454,平静 (Equanimity),130.487868,33,0.00211334
34,8930.8678,0.249135,7,post_critical,0.870481,平静 (Equanimity),95.710594,34,0.00209638
35,8997.4931,0.178345,7,post_critical,0.879362,平静 (Equanimity),66.625273,35,0.00206521
36,9061.8752,0.258526,7,post_critical,0.89315,平静 (Equanimity),64.382093,36,0.0020725
37,9169.8296,0.172954,7,post_critical,0.891253,平静 (Equanimity),107.95444,37,0.00205446
38,9286.7978,0.239593,7,post_critical,0.889485,平静 (Equanimity),116.968196,38,0.00202295
39,9370.1808,0.241065,7,post_critical,0.889091,平静 (Equanimity),83.382945,39,0.0019941
40,9451.4184,0.234071,7,post_critical,0.867384,平静 (Equanimity),81.237672,40,0.00195669
41,9548.9451,0.174566,7,post_critical,0.871,平静 (Equanimity),97.526676,41,0.00194239
42,9650.7377,0.21922,7,post_critical,0.873359,平静 (Equanimity),101.792563,42,0.00189767
43,9766.1379,0.176302,7,post_critical,0.882034,平静 (Equanimity),115.400251,43,0.0018814
44,9850.1414,0.272179,7,post_critical,0.879846,平静 (Equanimity),84.00347,44,0.0019231
45,9959.211,0.180953,7,post_critical,0.889741,平静 (Equanimity),109.069585,45,0.0019012
46,10066.7433,0.133689,7,post_critical,0.890009,平静 (Equanimity),107.532287,46,0.00198772
47,10169.5846,0.239241,7,post_critical,0.89188,平静 (Equanimity),102.841313,47,0.0019638
48,10261.2238,0.279536,7,post_critical,0.892633,平静 (Equanimity),91.639264,48,0.00202103
49,10366.7655,0.128548,7,post_critical,0.888776,平静 (Equanimity),105.5417,49,0.00211774
50,10483.8967,0.234187,7,post_critical,0.874503,平静 (Equanimity),117.131174,50,0.00208693
51,10606.5926,0.2031,7,post_critical,0.889158,平静 (Equanimity),122.69593,51,0.00204703
52,10732.4735,0.178727,7,post_critical,0.895221,平静 (Equanimity),125.880828,52,0.00202643
53,10854.1751,0.245895,7,post_critical,0.894753,平静 (Equanimity),121.701632,53,0.0020125
54,10973.0281,0.153665,7,post_critical,0.886071,平静 (Equanimity),118.853008,54,0.00203362
55,11112.9616,0.266746,7,post_critical,0.862351,平静 (Equanimity),139.933532,55,0.00205557
56,11196.9228,0.212963,7,post_critical,0.864419,平静 (Equanimity),83.961116,56,0.00201898
57,11253.5817,0.218952,7,post_critical,0.860288,平静 (Equanimity),56.658935,57,0.00198483
58,11317.5741,0.144044,7,post_critical,0.876023,平静 (Equanimity),63.99239,58,0.00202552
59,11388.9534,0.231533,7,post_critical,0.864548,平静 (Equanimity),71.379336,59,0.00199936
60,11453.0562,0.238657,7,post_critical,0.867298,平静 (Equanimity),64.102828,60,0.00197972
61,11524.8346,0.210061,7,post_critical,0.893438,平静 (Equanimity),71.778362,61,0.00194726
62,11606.6133,0.27644,7,post_critical,0.847177,平静 (Equanimity),81.778663,62,0.0019854
63,11694.0991,0.24267,7,post_critical,0.886614,平静 (Equanimity),87.485789,63,0.00196925
64,11811.7945,0.193186,7,post_critical,0.872099,平静 (Equanimity),117.695443,64,0.00194381
65,11943.706,0.198911,7,post_critical,0.881823,平静 (Equanimity),131.911534,65,0.00191631
66,12058.2815,0.240396,8,post_critical,0.875194,平静 (Equanimity),114.57546,0,0.00189989
67,12160.2487,0.235274,8,post_critical,0.846909,平静 (Equanimity),101.967234,1,0.00187966
68,12249.6001,0.148519,8,post_critical,0.871047,平静 (Equanimity),89.351366,2,0.00191062
69,12342.6125,0.171201,8,post_critical,0.869237,平静 (Equanimity),93.012392,3,0.00190575
70,12440.4226,0.21122,8,post_critical,0.900612,平静 (Equanimity),97.810116,4,0.00187853
71,12587.4468,0.245138,8,post_critical,0.872565,平静 (Equanimity),147.024221,5,0.00186863
72,12720.1917,0.198556,8,post_critical,0.864646,平静 (Equanimity),132.744903,6,0.00184483
73,12818.9007,0.264518,8,post_critical,0.868883,平静 (Equanimity),98.708966,7,0.00185837
74,12957.4522,0.223336,8,post_critical,0.889067,平静 (Equanimity),138.551521,8,0.00183508
75,13102.1052,0.166306,8,post_critical,0.886901,平静 (Equanimity),144.653014,9,0.00183785
76,13258.7296,0.145643,8,post_critical,0.893572,平静 (Equanimity),156.62441,10,0.00186949
77,13408.0292,0.254334,8,post_critical,0.895839,平静 (Equanimity),149.299548,11,0.00187001
78,13477.7615,0.240386,8,post_critical,0.890653,平静 (Equanimity),69.732307,12,0.00185703
79,13604.8269,0.187139,8,post_critical,0.871715,平静 (Equanimity),127.065437,13,0.00184082
80,13743.7896,0.217172,8,post_critical,0.880603,平静 (Equanimity),138.962691,14,0.00181828
81,13890.0199,0.18831,8,post_critical,0.882131,平静 (Equanimity),146.230295,15,0.00180214
82,14024.8673,0.135724,8,post_critical,0.888134,平静 (Equanimity),134.847351,16,0.00184803
83,14155.509,0.255429,8,post_critical,0.871413,平静 (Equanimity),130.641773,17,0.00185048
84,14305.1086,0.211784,8,post_critical,0.881345,平静 (Equanimity),149.599515,18,0.00182847
85,14395.6897,0.245435,8,post_critical,0.861572,平静 (Equanimity),90.581173,19,0.0018212
86,14467.2096,0.21485,8,post_critical,0.875663,平静 (Equanimity),71.519834,20,0.00180021
87,14533.6437,0.22577,8,post_critical,0.883196,平静 (Equanimity),66.434162,21,0.00178203
88,14601.9479,0.211472,8,post_critical,0.886492,平静 (Equanimity),68.304149,22,0.00176179
89,14678.251,0.190645,8,post_critical,0.880608,平静 (Equanimity),76.303089,23,0.00174662
90,14798.8888,0.234423,8,post_critical,0.899742,平静 (Equanimity),120.637837,24,0.00173333
91,14930.009,0.133181,8,post_critical,0.876668,平静 (Equanimity),131.120215,25,0.00178026
92,15085.4761,0.193228,8,post_critical,0.895299,平静 (Equanimity),155.467065,26,0.00176403
93,15218.2965,0.183229,8,post_critical,0.895201,平静 (Equanimity),132.820435,27,0.00175271
94,15381.1128,0.201342,8,post_critical,0.887081,平静 (Equanimity),162.816327,28,0.00173482
95,15460.3411,0.182017,8,post_critical,0.89511,平静 (Equanimity),79.22827,29,0.00172453
96,15538.9626,0.258663,8,post_critical,0.892477,平静 (Equanimity),78.621478,30,0.00173159
97,15633.4407,0.220765,8,post_critical,0.883329,平静 (Equanimity),94.478071,31,0.00171494
98,15762.2318,0.207074,8,post_critical,0.900296,平静 (Equanimity),128.791121,32,0.00169753
99,15854.1834,0.280009,8,post_critical,0.894384,平静 (Equanimity),91.951639,33,0.00172941
100,15970.6626,0.201838,8,post_critical,0.896171,平静 (Equanimity),116.479138,34,0.0017129
101,16097.5386,0.21671,9,post_critical,0.860068,平静 (Equanimity),126.876057,0,0.00165728
102,16189.0701,0.261655,9,post_critical,0.889214,平静 (Equanimity),91.531517,1,0.00167719
103,16314.9515,0.228877,9,post_critical,0.850946,平静 (Equanimity),125.881403,2,0.00162195
104,16467.5712,0.253203,9,post_critical,0.871909,平静 (Equanimity),152.619695,3,0.00157526
105,16619.926,0.218992,9,post_critical,0.893093,平静 (Equanimity),152.354765,4,0.00157294
106,16734.5663,0.181768,9,post_critical,0.883322,平静 (Equanimity),114.640348,5,0.0015814
107,16848.3401,0.190282,9,post_critical,0.885499,平静 (Equanimity),113.773721,6,0.00158344
108,16963.787,0.245863,9,post_critical,0.882137,平静 (Equanimity),115.44697,7,0.00159457
109,17065.3924,0.20985,9,post_critical,0.871363,平静 (Equanimity),101.605323,8,0.00158877
110,17233.5155,0.211502,9,post_critical,0.860746,平静 (Equanimity),168.123135,9,0.00158849
111,17390.0233,0.267672,9,post_critical,0.864205,平静 (Equanimity),156.507763,10,0.00161878
112,17541.4148,0.141043,9,post_critical,0.888119,平静 (Equanimity),151.391518,11,0.00166895
113,17691.544,0.208654,9,post_critical,0.897057,平静 (Equanimity),150.129242,12,0.00162356
114,17837.4612,0.222793,9,post_critical,0.892562,平静 (Equanimity),145.917218,13,0.00154612
115,17984.1906,0.237399,9,post_critical,0.891509,平静 (Equanimity),146.729375,14,0.0015484
116,18156.8808,0.200389,9,post_critical,0.890732,平静 (Equanimity),172.690225,15,0.0015217
117,18267.4232,0.200278,9,post_critical,0.896314,平静 (Equanimity),110.542359,16,0.00152363
118,18420.6878,0.227829,9,post_critical,0.886595,平静 (Equanimity),153.264565,17,0.00150308
119,18588.1729,0.237553,9,post_critical,0.88635,平静 (Equanimity),167.485143,18,0.00150727
120,18690.885,0.241408,9,post_critical,0.888976,平静 (Equanimity),102.712113,19,0.00151358
121,18830.3676,0.174265,9,post_critical,0.888354,平静 (Equanimity),139.48263,20,0.00150307
122,18981.0824,0.280199,9,post_critical,0.880913,平静 (Equanimity),150.71477,21,0.00151524
123,19051.0103,0.206593,9,post_critical,0.876957,平静 (Equanimity),69.927902,22,0.00146555
124,19144.2765,0.213046,9,post_critical,0.865641,平静 (Equanimity),93.266158,23,0.00144666
125,19240.5951,0.208328,9,post_critical,0.861796,平静 (Equanimity),96.318612,24,0.00144626
126,19318.8092,0.234604,9,post_critical,0.863024,平静 (Equanimity),78.214114,25,0.0014447
127,19386.5399,0.119549,9,post_critical,0.870322,平静 (Equanimity),67.730749,26,0.00153016
128,19499.189,0.143739,9,post_critical,0.890199,平静 (Equanimity),112.649088,27,0.00157179
129,19674.4034,0.151043,9,post_critical,0.887935,平静 (Equanimity),175.214392,28,0.00157041
130,19758.833,0.220051,9,post_critical,0.852421,平静 (Equanimity),84.42962,29,0.00155966
131,19828.1483,0.222864,9,post_critical,0.883255,平静 (Equanimity),69.315235,30,0.00153975
132,19922.7189,0.224842,9,post_critical,0.861641,平静 (Equanimity),94.570582,31,0.00143504
133,19991.3384,0.241685,9,post_critical,0.867891,平静 (Equanimity),68.619572,32,0.00144297
134,20041.1067,0.216606,9,post_critical,0.859074,平静 (Equanimity),49.768248,33,0.00142926
135,20099.5342,0.174345,9,post_critical,0.867683,平静 (Equanimity),58.427486,34,0.00143208
136,20171.5438,0.271274,9,post_critical,0.871151,平静 (Equanimity),72.009617,35,0.00144565
137,20269.9604,0.181112,9,post_critical,0.875598,平静 (Equanimity),98.416598,36,0.00143999
138,20346.7417,0.267291,9,post_critical,0.879204,平静 (Equanimity),76.7813,37,0.00146297
139,20425.0151,0.26748,9,post_critical,0.88135,平静 (Equanimity),78.27343,38,0.00148519
140,20510.3093,0.235223,9,post_critical,0.872916,平静 (Equanimity),85.29415,39,0.0014857
141,20586.1102,0.204829,9,post_critical,0.876051,平静 (Equanimity),75.800984,40,0.0014719
142,20656.2911,0.250299,9,post_critical,0.867933,平静 (Equanimity),70.180807,41,0.00148553
143,20753.6194,0.226298,9,post_critical,0.867371,平静 (Equanimity),97.328355,42,0.00147361
144,20810.7468,0.25802,9,post_critical,0.873418,平静 (Equanimity),57.127362,43,0.00145897
145,20868.7843,0.213943,9,post_critical,0.879705,平静 (Equanimity),58.037523,44,0.00144838
146,20956.277,0.261972,9,post_critical,0.872126,平静 (Equanimity),87.492699,45,0.00140611
147,21045.6697,0.265511,9,post_critical,0.889489,平静 (Equanimity),89.392736,46,0.00142571
148,21167.0721,0.239541,9,post_critical,0.893215,平静 (Equanimity),121.402401,47,0.00139009
149,21322.5067,0.237515,9,post_critical,0.890311,平静 (Equanimity),155.434526,48,0.00131965
150,21524.4462,0.176053,9,post_critical,0.881231,平静 (Equanimity),201.93957,49,0.00133184
151,21728.0483,0.257222,9,post_critical,0.865236,平静 (Equanimity),203.6021,50,0.00134761
152,21923.662,0.155131,9,post_critical,0.884258,平静 (Equanimity),195.613693,51,0.00137065
153,22122.5971,0.18624,10,post_critical,0.835121,平静 (Equanimity),198.935102,0,0.00136976
154,22290.3487,0.203774,10,post_critical,0.8748,平静 (Equanimity),167.751614,1,0.00133313
155,22441.6631,0.263065,10,post_critical,0.89292,平静 (Equanimity),151.31436,2,0.00132949
156,22629.4464,0.185306,10,post_critical,0.889541,平静 (Equanimity),187.783307,3,0.00133846
157,22842.3619,0.174085,10,post_critical,0.891805,平静 (Equanimity),212.915466,4,0.00135503
158,23028.6391,0.297615,10,post_critical,0.885101,平静 (Equanimity),186.27727,5,0.0013713
159,23218.635,0.227589,10,post_critical,0.88307,平静 (Equanimity),189.995819,6,0.00137026
160,23419.7212,0.264337,10,post_critical,0.862204,平静 (Equanimity),201.086226,7,0.00138829
161,23615.1759,0.216357,10,post_critical,0.874725,平静 (Equanimity),195.454681,8,0.00138787
162,23773.9542,0.24584,10,post_critical,0.890445,平静 (Equanimity),158.77835,9,0.0013605
163,23945.4438,0.291154,10,post_critical,0.879767,平静 (Equanimity),171.489545,10,0.00140937
164,24162.0777,0.23094,10,post_critical,0.889226,平静 (Equanimity),216.633954,11,0.00140568
165,24301.1642,0.204083,10,post_critical,0.888269,平静 (Equanimity),139.086498,12,0.00140406
166,24445.9882,0.159695,10,post_critical,0.890895,平静 (Equanimity),144.824002,13,0.00143108
167,24653.4237,0.213617,10,post_critical,0.880759,平静 (Equanimity),207.435479,14,0.00142754
168,24738.5168,0.182129,10,post_critical,0.881999,平静 (Equanimity),85.093092,15,0.00139325
169,24854.3644,0.184166,10,post_critical,0.861855,平静 (Equanimity),115.847607,16,0.00138317
170,24935.7853,0.282934,10,post_critical,0.881506,平静 (Equanimity),81.420945,17,0.00142632
171,25024.4172,0.206321,10,post_critical,0.883273,平静 (Equanimity),88.631894,18,0.00141967
172,25124.2835,0.261192,10,post_critical,0.870286,平静 (Equanimity),99.866296,19,0.00143545
173,25254.2252,0.28045,10,post_critical,0.897573,平静 (Equanimity),129.941666,20,0.00145292
174,25391.2583,0.159427,10,post_critical,0.892234,平静 (Equanimity),137.033156,21,0.00148621
175,25569.4958,0.236614,10,post_critical,0.897452,平静 (Equanimity),178.237457,22,0.00146371
176,25803.0044,0.200015,10,post_critical,0.884412,平静 (Equanimity),233.508623,23,0.0014145
177,26014.0282,0.193494,10,post_critical,0.863165,平静 (Equanimity),211.023735,24,0.00140737
178,26192.7041,0.160916,10,post_critical,0.884063,平静 (Equanimity),178.675887,25,0.0014339
179,26405.7422,0.162908,10,post_critical,0.875115,平静 (Equanimity),213.038178,26,0.00145416
180,26604.2844,0.215584,10,post_critical,0.902457,平静 (Equanimity),198.542198,27,0.00145417
181,26850.6652,0.290685,10,post_critical,0.879892,平静 (Equanimity),246.380759,28,0.00149982
182,27075.1907,0.236216,10,post_critical,0.889876,平静 (Equanimity),224.525498,29,0.001435
183,27201.4508,0.21331,10,post_critical,0.867524,平静 (Equanimity),126.260083,30,0.00142164
184,27303.7043,0.2198,10,post_critical,0.867725,平静 (Equanimity),102.253485,31,0.00142124
185,27410.2793,0.21424,10,post_critical,0.86859,平静 (Equanimity),106.575076,32,0.00141399
186,27572.9692,0.24013,10,post_critical,0.848925,平静 (Equanimity),162.68992,33,0.00141869
187,27721.8239,0.195152,10,post_critical,0.875589,平静 (Equanimity),148.854685,34,0.00142341
188,27815.6401,0.215252,10,post_critical,0.876842,平静 (Equanimity),93.816147,35,0.00142306
189,27925.1104,0.18518,10,post_critical,0.854681,平静 (Equanimity),109.470342,36,0.00142635
190,28026.7958,0.134452,10,post_critical,0.876726,平静 (Equanimity),101.685428,37,0.00149245
191,28159.9367,0.17415,10,post_critical,0.878262,平静 (Equanimity),133.140859,38,0.00144039
192,28296.6861,0.246459,10,post_critical,0.871926,平静 (Equanimity),136.749369,39,0.0014427
193,28483.7892,0.204836,10,post_critical,0.861791,平静 (Equanimity),187.103111,40,0.00143232
194,28683.0222,0.307688,10,post_critical,0.861247,平静 (Equanimity),199.232993,41,0.00150852
195,28816.6557,0.256828,10,post_critical,0.845633,平静 (Equanimity),133.633564,42,0.00150827
196,29018.4889,0.15757,10,post_critical,0.887558,平静 (Equanimity),201.833137,43,0.0015312
197,29198.0137,0.23474,10,post_critical,0.874522,平静 (Equanimity),179.524854,44,0.00153364
198,29368.4965,0.224369,10,post_critical,0.885595,平静 (Equanimity),170.482805,45,0.00153245
199,29625.4681,0.127538,10,post_critical,0.896953,平静 (Equanimity),256.97151,46,0.00157737
200,29881.045,0.277527,10,post_critical,0.845674,平静 (Equanimity),255.576918,47,0.00161001
201,30095.1118,0.24219,11,post_critical,0.88231,平静 (Equanimity),214.066788,0,0.00161552
202,30357.6377,0.206948,11,post_critical,0.887965,平静 (Equanimity),262.525912,1,0.00159822
203,30609.8291,0.221631,11,post_critical,0.884556,平静 (Equanimity),252.191402,2,0.00159719
204,30809.0946,0.199208,11,post_critical,0.883841,平静 (Equanimity),199.265521,3,0.00158819
205,31023.6555,0.278412,11,post_critical,0.8873,平静 (Equanimity),214.56087,4,0.0016248
206,31108.7326,0.157946,11,post_critical,0.888695,平静 (Equanimity),85.07717,5,0.00164777
207,31176.7459,0.272369,11,post_critical,0.88951,平静 (Equanimity),68.013296,6,0.00166905
208,31241.2811,0.150083,11,post_critical,0.887441,平静 (Equanimity),64.535151,7,0.00170798
209,31330.7131,0.182223,11,post_critical,0.884112,平静 (Equanimity),89.431979,8,0.00171994
210,31436.5634,0.244785,11,post_critical,0.882657,平静 (Equanimity),105.850329,9,0.00172688
211,31568.1073,0.277583,11,post_critical,0.891561,平静 (Equanimity),131.543913,10,0.00173773
212,31705.0506,0.253372,11,post_critical,0.898245,平静 (Equanimity),136.943265,11,0.00168982
213,31866.3385,0.098562,11,post_critical,0.896552,平静 (Equanimity),161.287966,12,0.0018328
214,32048.6551,0.196475,11,post_critical,0.874101,平静 (Equanimity),182.316613,13,0.00183713
215,32217.0332,0.288417,11,post_critical,0.877091,平静 (Equanimity),168.378064,14,0.00188296
216,32466.0131,0.246592,11,post_critical,0.88346,平静 (Equanimity),248.979876,15,0.0018876
217,32716.6712,0.235881,11,post_critical,0.881502,平静 (Equanimity),250.658078,16,0.00188703
218,32964.831,0.217318,11,post_critical,0.895946,平静 (Equanimity),248.159792,17,0.00188628
219,33153.7654,0.251583,11,post_critical,0.898357,平静 (Equanimity),188.934411,18,0.00189345
220,33435.3472,0.186245,11,post_critical,0.894025,平静 (Equanimity),281.58188,19,0.00189896
221,33629.073,0.27964,11,post_critical,0.884015,平静 (Equanimity),193.72577,20,0.00191557
222,33837.8678,0.265814,11,post_critical,0.900506,平静 (Equanimity),208.794791,21,0.00190018
223,34065.6468,0.304538,11,post_critical,0.8639,平静 (Equanimity),227.778966,22,0.00196997
224,34332.3153,0.194056,11,post_critical,0.851961,平静 (Equanimity),266.668544,23,0.00197634
225,34592.3147,0.139854,11,post_critical,0.882035,平静 (Equanimity),259.999429,24,0.00203907
226,34835.0236,0.246604,11,post_critical,0.886646,平静 (Equanimity),242.708855,25,0.00204411
227,35073.7639,0.221516,11,post_critical,0.872164,平静 (Equanimity),238.740313,26,0.00194285
228,35355.2713,0.23844,11,post_critical,0.8771,平静 (Equanimity),281.507353,27,0.00188588
229,35517.7914,0.179669,11,post_critical,0.895597,平静 (Equanimity),162.520125,28,0.00185357
230,35665.8472,0.234883,11,post_critical,0.875708,平静 (Equanimity),148.055765,29,0.00185519
231,35810.6435,0.197513,11,post_critical,0.882427,平静 (Equanimity),144.796332,30,0.00186115
232,36020.8676,0.163284,11,post_critical,0.884473,平静 (Equanimity),210.224102,31,0.00189495
233,36158.2584,0.214423,11,post_critical,0.854744,平静 (Equanimity),137.390791,32,0.00189115
234,36213.0552,0.265935,11,post_critical,0.85887,平静 (Equanimity),54.79678,33,0.00191096
235,36267.3922,0.146584,11,post_critical,0.860163,平静 (Equanimity),54.337068,34,0.00194474
236,36325.5753,0.154419,11,post_critical,0.863901,平静 (Equanimity),58.183033,35,0.00196278
237,36392.1519,0.264274,11,post_critical,0.852578,平静 (Equanimity),66.576673,36,0.0019666
238,36452.46,0.251505,11,post_critical,0.864333,平静 (Equanimity),60.308074,37,0.00195439
239,36525.483,0.18738,11,post_critical,0.86462,平静 (Equanimity),73.023024,38,0.0019429
240,36599.9509,0.19493,11,post_critical,0.86857,平静 (Equanimity),74.46788,39,0.00194659
241,36700.0695,0.28571,11,post_critical,0.869795,平静 (Equanimity),100.118569,40,0.0019877
242,36813.8557,0.181859,11,post_critical,0.858154,平静 (Equanimity),113.786245,41,0.00199295
243,36923.3483,0.230259,11,post_critical,0.877905,平静 (Equanimity),109.49254,42,0.00199364
244,37069.5913,0.201803,11,post_critical,0.883043,平静 (Equanimity),146.243026,43,0.00198175
245,37233.9281,0.170017,11,post_critical,0.864655,平静 (Equanimity),164.336827,44,0.00200535
246,37442.4781,0.171926,11,post_critical,0.883965,平静 (Equanimity),208.549933,45,0.00200754
247,37700.9087,0.222912,11,post_critical,0.850241,平静 (Equanimity),258.43068,46,0.00198478
248,37988.3534,0.175485,11,post_critical,0.872263,平静 (Equanimity),287.444637,47,0.0019969
249,38299.1393,0.256906,11,post_critical,0.882347,平静 (Equanimity),310.785975,48,0.00200871
250,38615.2506,0.158909,11,post_critical,0.897509,平静 (Equanimity),316.111273,49,0.00202561
251,38882.562,0.16089,11,post_critical,0.887156,平静 (Equanimity),267.311348,50,0.00203936
252,39206.7182,0.154204,11,post_critical,0.890174,平静 (Equanimity),324.156234,51,0.00204049
253,39529.6672,0.182525,11,post_critical,0.862174,平静 (Equanimity),322.949019,52,0.00204281
254,39844.1374,0.160207,11,post_critical,0.86885,平静 (Equanimity),314.470176,53,0.00207196
255,40153.8114,0.229082,11,post_critical,0.882535,平静 (Equanimity),309.673959,54,0.00205088
256,43754.816,0.249021,11,post_critical,0.894623,平静 (Equanimity),3601.00465,55,0.00205338
257,44139.7443,0.155529,11,post_critical,0.871144,平静 (Equanimity),384.928339,56,0.00207217
258,44495.3375,0.114843,11,post_critical,0.879181,平静 (Equanimity),355.593158,57,0.00210212
259,44853.048,0.125227,11,post_critical,0.885108,平静 (Equanimity),357.710487,58,0.00217703
260,45141.3971,0.229546,11,post_critical,0.883217,平静 (Equanimity),288.349143,59,0.00215294
261,45414.2993,0.167057,11,post_critical,0.890084,平静 (Equanimity),272.902151,60,0.00217284
262,45670.2134,0.232463,11,post_critical,0.884444,平静 (Equanimity),255.914079,61,0.00216546
263,45894.9274,0.268441,11,post_critical,0.897209,平静 (Equanimity),224.714048,62,0.00213439
264,46079.7239,0.20157,11,post_critical,0.891269,平静 (Equanimity),184.796486,63,0.00213139
265,46275.8618,0.217673,11,post_critical,0.884176,平静 (Equanimity),196.13793,64,0.00213134
266,46517.0986,0.189559,11,post_critical,0.870836,平静 (Equanimity),241.236802,65,0.00210945
267,46811.35,0.178836,11,post_critical,0.872609,平静 (Equanimity),294.251378,66,0.0021199
268,47104.7022,0.225798,11,post_critical,0.881233,平静 (Equanimity),293.352219,67,0.0021135
269,47460.344,0.234032,11,post_critical,0.881328,平静 (Equanimity),355.641785,68,0.00211084
270,47855.807,0.2463,11,post_critical,0.883311,平静 (Equanimity),395.462989,69,0.00207216
271,48250.0258,0.238295,11,post_critical,0.878089,平静 (Equanimity),394.21884,70,0.00207888
272,48654.6963,0.179166,11,post_critical,0.892842,平静 (Equanimity),404.67048,71,0.00206473
273,49005.9398,0.174876,11,post_critical,0.883681,平静 (Equanimity),351.243534,72,0.00202874
274,49421.8632,0.129616,11,post_critical,0.885424,平静 (Equanimity),415.923329,73,0.00206775
275,49831.5705,0.226357,11,post_critical,0.887485,平静 (Equanimity),409.707329,74,0.00206329
276,50149.2735,0.260869,12,post_critical,0.87952,平静 (Equanimity),317.702971,0,0.00208817
277,50457.9598,0.221539,12,post_critical,0.888784,平静 (Equanimity),308.686327,1,0.00208653
278,50784.1739,0.196867,12,post_critical,0.869006,平静 (Equanimity),326.214051,2,0.00206362
279,51069.7429,0.205282,12,post_critical,0.854834,平静 (Equanimity),285.569025,3,0.00204069
280,51345.8871,0.210527,12,post_critical,0.893237,平静 (Equanimity),276.144213,4,0.00204052
281,51758.9389,0.197345,12,post_critical,0.87322,平静 (Equanimity),413.051764,5,0.0019786
282,52144.4538,0.151874,12,post_critical,0.882013,平静 (Equanimity),385.514898,6,0.00200544
283,52471.7551,0.22071,12,post_critical,0.871897,平静 (Equanimity),327.301321,7,0.00200654
284,52857.1073,0.159623,12,post_critical,0.87134,平静 (Equanimity),385.352273,8,0.00203013
285,53293.4576,0.191494,12,post_critical,0.863762,平静 (Equanimity),436.350299,9,0.00203287
286,53686.4692,0.267768,12,post_critical,0.872814,平静 (Equanimity),393.011523,10,0.00205776
287,54113.6269,0.194533,12,post_critical,0.892811,平静 (Equanimity),427.15769,11,0.00205793
288,54524.7169,0.254196,12,post_critical,0.89601,平静 (Equanimity),411.090041,12,0.00207778
289,54735.6367,0.168257,12,post_critical,0.889123,平静 (Equanimity),210.919797,13,0.00208882
290,54971.3035,0.251373,12,post_critical,0.865371,平静 (Equanimity),235.666795,14,0.00204921
291,55182.0343,0.238691,12,post_critical,0.869886,平静 (Equanimity),210.730798,15,0.0020436
292,55368.1827,0.261217,12,post_critical,0.871739,平静 (Equanimity),186.148399,16,0.0020562
293,55567.7199,0.253137,12,post_critical,0.888853,平静 (Equanimity),199.537248,17,0.00207312
294,55847.8875,0.262956,12,post_critical,0.841165,平静 (Equanimity),280.167549,18,0.00200707
295,56235.6562,0.215818,12,post_critical,0.891801,平静 (Equanimity),387.768705,19,0.00198635
296,56707.0619,0.207485,12,post_critical,0.895893,平静 (Equanimity),471.405721,20,0.00195782
297,57053.181,0.249717,12,post_critical,0.879558,平静 (Equanimity),346.119129,21,0.00196704
298,57448.4761,0.170855,12,post_critical,0.898618,平静 (Equanimity),395.295068,22,0.00198163
299,57914.4508,0.222976,12,post_critical,0.888476,平静 (Equanimity),465.974712,23,0.00191255
300,58422.9633,0.177237,12,post_critical,0.880797,平静 (Equanimity),508.512473,24,0.00188054
301,58758.6036,0.247688,12,post_critical,0.881627,平静 (Equanimity),335.640325,25,0.00188428
302,59080.0086,0.170425,12,post_critical,0.902171,平静 (Equanimity),321.404956,26,0.00190043
303,59385.3953,0.16175,12,post_critical,0.894012,平静 (Equanimity),305.386765,27,0.00192273
304,59869.7576,0.261197,12,post_critical,0.883759,平静 (Equanimity),484.362217,28,0.00194737
305,60386.4087,0.138238,12,post_critical,0.874895,平静 (Equanimity),516.651117,29,0.00195188
306,60823.114,0.193587,12,post_critical,0.880092,平静 (Equanimity),436.70531,30,0.0019279
307,61271.5543,0.170809,12,post_critical,0.886261,平静 (Equanimity),448.440317,31,0.00190249
308,61572.1993,0.245611,12,post_critical,0.877087,平静 (Equanimity),300.644985,32,0.00188109
309,61927.2974,0.186995,12,post_critical,0.882725,平静 (Equanimity),355.098096,33,0.00187871
310,62464.2981,0.221597,12,post_critical,0.890487,平静 (Equanimity),537.00076,34,0.0018677
311,62969.7738,0.245783,12,post_critical,0.866738,平静 (Equanimity),505.475693,35,0.00183431
312,63333.0073,0.23164,12,post_critical,0.873033,平静 (Equanimity),363.233415,36,0.00181972
313,63871.4485,0.177892,12,post_critical,0.883352,平静 (Equanimity),538.441259,37,0.0017071
314,64330.5662,0.155369,12,post_critical,0.876527,平静 (Equanimity),459.117695,38,0.00173462
315,64679.0279,0.225701,12,post_critical,0.865825,平静 (Equanimity),348.461674,39,0.00167419
316,65166.7965,0.168212,12,post_critical,0.869752,平静 (Equanimity),487.76865,40,0.0016754
317,65543.2323,0.200988,12,post_critical,0.853917,平静 (Equanimity),376.435734,41,0.00166784
318,66068.7964,0.276637,12,post_critical,0.892488,平静 (Equanimity),525.564108,42,0.0017144
319,66625.4772,0.232586,12,post_critical,0.877608,平静 (Equanimity),556.680874,43,0.00170143
320,67012.9635,0.182394,12,post_critical,0.878625,平静 (Equanimity),387.486271,44,0.00170324
321,67535.5203,0.279063,12,post_critical,0.888316,平静 (Equanimity),522.556766,45,0.00170241
322,68039.8916,0.189631,12,post_critical,0.895172,平静 (Equanimity),504.371343,46,0.00167146
323,68514.8909,0.292983,12,post_critical,0.873849,平静 (Equanimity),474.99931,47,0.00165025
324,69107.4974,0.196765,12,post_critical,0.882247,平静 (Equanimity),592.606438,48,0.00164962
325,69718.141,0.251767,12,post_critical,0.876567,平静 (Equanimity),610.643626,49,0.00162346
326,70222.1879,0.218733,12,post_critical,0.878872,平静 (Equanimity),504.046859,50,0.00160966
327,70605.6565,0.213877,12,post_critical,0.875296,平静 (Equanimity),383.468639,51,0.00160814
328,71033.5469,0.235705,12,post_critical,0.870769,平静 (Equanimity),427.89036,52,0.00160654
329,71463.8406,0.193382,12,post_critical,0.870554,平静 (Equanimity),430.293791,53,0.00160072
330,71896.9289,0.134137,12,post_critical,0.884387,平静 (Equanimity),433.088279,54,0.00164666
331,72387.0191,0.216026,12,post_critical,0.893603,平静 (Equanimity),490.090151,55,0.00164661
332,72875.435,0.209641,12,post_critical,0.886505,平静 (Equanimity),488.415926,56,0.00162736
333,73369.4087,0.257651,12,post_critical,0.887152,平静 (Equanimity),493.973671,57,0.00165188
334,73875.1185,0.230027,12,post_critical,0.885236,平静 (Equanimity),505.709869,58,0.00162296
335,74463.9478,0.289325,12,post_critical,0.897513,平静 (Equanimity),588.829233,59,0.00165069
336,75171.2262,0.247972,12,post_critical,0.89568,平静 (Equanimity),707.278401,60,0.00163529
337,75481.5326,0.143338,12,post_critical,0.888526,平静 (Equanimity),310.306399,61,0.00164855
338,75786.2829,0.20603,12,post_critical,0.894951,平静 (Equanimity),304.750319,62,0.00163007
339,76146.1278,0.228566,12,post_critical,0.887872,平静 (Equanimity),359.8449,63,0.0016297
340,76489.5465,0.258702,12,post_critical,0.882628,平静 (Equanimity),343.418708,64,0.00165247
341,76953.0543,0.309107,12,post_critical,0.881664,平静 (Equanimity),463.507811,65,0.00169366
342,77448.3032,0.162174,12,post_critical,0.876614,平静 (Equanimity),495.248864,66,0.00170838
343,77626.919,0.273994,12,post_critical,0.879536,平静 (Equanimity),178.615846,67,0.00174564
344,77885.8608,0.182385,12,post_critical,0.862256,平静 (Equanimity),258.941725,68,0.00175246
345,78160.9524,0.209347,12,post_critical,0.876588,平静 (Equanimity),275.091656,69,0.00173667
346,78409.1414,0.203349,12,post_critical,0.879128,平静 (Equanimity),248.188992,70,0.00172255
347,78682.94,0.223955,12,post_critical,0.885441,平静 (Equanimity),273.798603,71,0.00172282
348,78954.6519,0.247545,12,post_critical,0.881479,平静 (Equanimity),271.711867,72,0.00172409
349,79335.0827,0.243968,12,post_critical,0.880808,平静 (Equanimity),380.430822,73,0.00171387
350,79664.9839,0.131639,12,post_critical,0.890498,平静 (Equanimity),329.901222,74,0.00174957
351,80215.386,0.209716,12,post_critical,0.897554,平静 (Equanimity),550.402115,75,0.00172463
352,80676.4659,0.194776,12,post_critical,0.898026,平静 (Equanimity),461.079884,76,0.00169477
353,81159.0546,0.231254,12,post_critical,0.883096,平静 (Equanimity),482.588693,77,0.00169006
354,81543.9427,0.180376,12,post_critical,0.89541,平静 (Equanimity),384.888107,78,0.0016732
355,81989.4684,0.254711,12,post_critical,0.894919,平静 (Equanimity),445.525643,79,0.00168837
356,82545.0882,0.12241,12,post_critical,0.89204,平静 (Equanimity),555.619854,80,0.00175442
357,83338.3989,0.269181,12,post_critical,0.890005,平静 (Equanimity),793.310728,81,0.00175583
358,84103.2633,0.239108,12,post_critical,0.876009,平静 (Equanimity),764.864328,82,0.00166649
359,84854.2305,0.265262,12,post_critical,0.860264,平静 (Equanimity),750.967227,83,0.00161327
360,85599.5816,0.217594,12,post_critical,0.875143,平静 (Equanimity),745.351095,84,0.00161119
361,86230.7835,0.260084,12,post_critical,0.876601,平静 (Equanimity),631.201929,85,0.00160799
362,87004.333,0.248518,12,post_critical,0.89201,平静 (Equanimity),773.549488,86,0.00161591
363,87834.8511,0.263367,12,post_critical,0.879049,平静 (Equanimity),830.518065,87,0.00161083
364,88498.3111,0.175407,12,post_critical,0.878656,平静 (Equanimity),663.460069,88,0.00162509
365,88978.0703,0.26045,12,post_critical,0.879859,平静 (Equanimity),479.75913,89,0.00164497
366,89353.7527,0.295466,12,post_critical,0.866018,平静 (Equanimity),375.682457,90,0.00169994
367,89766.4545,0.189694,12,post_critical,0.877519,平静 (Equanimity),412.701757,91,0.0016928
368,90238.6553,0.236477,12,post_critical,0.880551,平静 (Equanimity),472.200812,92,0.00169576
369,90572.9548,0.235552,12,post_critical,0.871937,平静 (Equanimity),334.29948,93,0.0016963
370,91004.0515,0.209269,12,post_critical,0.880186,平静 (Equanimity),431.096686,94,0.00168841
371,91410.9849,0.235366,12,post_critical,0.883939,平静 (Equanimity),406.933459,95,0.00168725
372,91899.8293,0.180336,12,post_critical,0.881384,平静 (Equanimity),488.844344,96,0.00168637
373,92417.2704,0.239943,12,post_critical,0.88647,平静 (Equanimity),517.441135,97,0.00167356
374,93183.6421,0.227749,12,post_critical,0.875465,平静 (Equanimity),766.371684,98,0.00159624
375,93734.4585,0.195863,12,post_critical,0.894205,平静 (Equanimity),550.816437,99,0.0016007
376,94324.9192,0.264679,12,post_critical,0.891167,平静 (Equanimity),590.460705,100,0.00160409
377,94933.4671,0.241625,12,post_critical,0.883572,平静 (Equanimity),608.547893,101,0.00160938
378,95703.7085,0.215415,12,post_critical,0.888371,平静 (Equanimity),770.241336,102,0.00160476
379,96457.1562,0.165198,12,post_critical,0.853447,平静 (Equanimity),753.447784,103,0.00163141
380,97033.1931,0.170777,12,post_critical,0.847509,平静 (Equanimity),576.036837,104,0.00165322
381,97567.0361,0.205206,12,post_critical,0.856585,平静 (Equanimity),533.843001,105,0.00165061
382,98230.1806,0.308742,12,post_critical,0.882061,平静 (Equanimity),663.144492,106,0.00168687
383,99000.7138,0.211639,12,post_critical,0.850353,平静 (Equanimity),770.533278,107,0.00168747
384,99892.5383,0.179084,12,post_critical,0.864651,平静 (Equanimity),891.824454,108,0.00166793
385,100838.9554,0.226978,13,post_critical,0.881568,平静 (Equanimity),946.417099,0,0.00166042
386,101626.0896,0.215229,13,post_critical,0.889445,平静 (Equanimity),787.134194,1,0.00163755
387,102621.229,0.182642,13,post_critical,0.902434,平静 (Equanimity),995.139388,2,0.00164488
388,103700.1768,0.218509,13,post_critical,0.88709,平静 (Equanimity),1078.947858,3,0.00163262
389,104725.6568,0.189973,13,post_critical,0.883054,平静 (Equanimity),1025.479958,4,0.00161525
390,105746.1279,0.220285,13,post_critical,0.88501,平静 (Equanimity),1020.471143,5,0.00160482
391,106798.5771,0.213253,13,post_critical,0.856973,平静 (Equanimity),1052.44913,6,0.00160116
392,107735.6165,0.183707,13,post_critical,0.866909,平静 (Equanimity),937.039461,7,0.00159464
393,108276.4867,0.166106,13,post_critical,0.891253,平静 (Equanimity),540.870159,8,0.00160824
394,108660.3906,0.241381,13,post_critical,0.88929,平静 (Equanimity),383.903909,9,0.00159302
395,109139.7915,0.270044,13,post_critical,0.881426,平静 (Equanimity),479.400928,10,0.00162108
396,109514.502,0.212944,13,post_critical,0.868215,平静 (Equanimity),374.710442,11,0.0016203
397,110006.0448,0.342197,13,post_critical,0.856048,平静 (Equanimity),491.542798,12,0.00176478
398,110556.1739,0.183006,13,post_critical,0.868385,平静 (Equanimity),550.129089,13,0.00175471
399,111117.0864,0.211375,13,post_critical,0.874133,平静 (Equanimity),560.912518,14,0.00175499
400,111666.1197,0.244895,13,post_critical,0.884412,平静 (Equanimity),549.033281,15,0.00174473
401,112512.861,0.230235,13,post_critical,0.887344,平静 (Equanimity),846.741318,16,0.00173773
402,113463.3592,0.195955,13,post_critical,0.886758,平静 (Equanimity),950.498198,17,0.00171947
403,114659.0576,0.227203,13,post_critical,0.89036,平静 (Equanimity),1195.698465,18,0.00168685
404,115883.051,0.263816,13,post_critical,0.866542,平静 (Equanimity),1223.993334,19,0.00168909
405,116905.6005,0.208295,13,post_critical,0.876306,平静 (Equanimity),1022.549506,20,0.00162347
406,117697.2561,0.254075,13,post_critical,0.87317,平静 (Equanimity),791.655618,21,0.0016272
407,118777.3183,0.219077,13,post_critical,0.897099,平静 (Equanimity),1080.062198,22,0.00160176
408,119508.0662,0.232001,13,post_critical,0.902404,平静 (Equanimity),730.747936,23,0.00159704
409,120565.9545,0.153511,13,post_critical,0.883377,平静 (Equanimity),1057.888266,24,0.00163118
410,121448.7221,0.23019,13,post_critical,0.86511,平静 (Equanimity),882.767624,25,0.001632
411,122674.5555,0.259219,13,post_critical,0.881562,平静 (Equanimity),1225.83338,26,0.00164041
412,123641.0774,0.227731,13,post_critical,0.887677,平静 (Equanimity),966.521877,27,0.00163975
413,124451.7964,0.175452,13,post_critical,0.865747,平静 (Equanimity),810.718987,28,0.00164193
414,125230.3261,0.222512,13,post_critical,0.890979,平静 (Equanimity),778.529777,29,0.00159812
415,126094.8068,0.168845,13,post_critical,0.890336,平静 (Equanimity),864.480609,30,0.0016258
416,127525.7626,0.140364,13,post_critical,0.871217,平静 (Equanimity),1430.955821,31,0.00166306
417,128885.6068,0.188229,13,post_critical,0.891536,平静 (Equanimity),1359.844251,32,0.00166979
418,130223.7496,0.144816,13,post_critical,0.891261,平静 (Equanimity),1338.142801,33,0.00169492
419,130836.2259,0.211609,13,post_critical,0.880399,平静 (Equanimity),612.47627,34,0.00169383
420,131530.0121,0.123667,13,post_critical,0.887595,平静 (Equanimity),693.786162,35,0.00177143
421,132520.2085,0.140086,13,post_critical,0.869174,平静 (Equanimity),990.196426,36,0.00179515
422,133900.2194,0.241733,13,post_critical,0.873441,平静 (Equanimity),1380.010888,37,0.00179308
423,135334.885,0.237218,13,post_critical,0.879936,平静 (Equanimity),1434.665607,38,0.00174016
424,136862.8115,0.170501,13,post_critical,0.88346,平静 (Equanimity),1527.926542,39,0.00175782
425,138364.8212,0.248015,13,post_critical,0.855286,平静 (Equanimity),1502.009661,40,0.00175536
426,139801.0046,0.133624,13,post_critical,0.870672,平静 (Equanimity),1436.183454,41,0.00182425
427,141203.3608,0.252382,13,post_critical,0.874718,平静 (Equanimity),1402.356161,42,0.00183712
428,142246.5903,0.227761,13,post_critical,0.880544,平静 (Equanimity),1043.229498,43,0.00183471
429,143646.3675,0.298489,13,post_critical,0.876087,平静 (Equanimity),1399.777222,44,0.00189542
430,145055.8805,0.218126,13,post_critical,0.8463,平静 (Equanimity),1409.513032,45,0.00182508
431,146491.9901,0.297795,13,post_critical,0.883495,平静 (Equanimity),1436.109593,46,0.00188736
432,148105.8591,0.156798,13,post_critical,0.874487,平静 (Equanimity),1613.868957,47,0.00192515
433,149666.1899,0.198155,13,post_critical,0.862399,平静 (Equanimity),1560.330809,48,0.00191386
434,150963.7092,0.173701,13,post_critical,0.878214,平静 (Equanimity),1297.519342,49,0.00193185
435,152382.4772,0.206482,13,post_critical,0.862544,平静 (Equanimity),1418.767946,50,0.00188088
436,153822.4072,0.283037,13,post_critical,0.894094,平静 (Equanimity),1439.929994,51,0.00191496
437,155483.4505,0.163947,13,post_critical,0.88095,平静 (Equanimity),1661.043295,52,0.00188878
438,157122.1194,0.226185,13,post_critical,0.874216,平静 (Equanimity),1638.668875,53,0.00188826
439,158704.1138,0.158257,13,post_critical,0.895353,平静 (Equanimity),1581.994443,54,0.00192162
440,160208.2222,0.220847,13,post_critical,0.899596,平静 (Equanimity),1504.108436,55,0.00190407
441,161455.1519,0.188815,13,post_critical,0.885955,平静 (Equanimity),1246.929619,56,0.00182429
442,162542.3622,0.199934,13,post_critical,0.886048,平静 (Equanimity),1087.210347,57,0.00179836
443,163862.0766,0.233289,13,post_critical,0.887461,平静 (Equanimity),1319.714404,58,0.0017672
444,164966.5521,0.205501,13,post_critical,0.887711,平静 (Equanimity),1104.475452,59,0.00175734
445,165905.2816,0.205329,13,post_critical,0.894414,平静 (Equanimity),938.729498,60,0.00175798
446,166858.5087,0.256839,13,post_critical,0.886809,平静 (Equanimity),953.227128,61,0.00177346
447,167740.1875,0.285856,13,post_critical,0.880656,平静 (Equanimity),881.678825,62,0.00182137
448,168662.8346,0.208051,13,post_critical,0.891531,平静 (Equanimity),922.647103,63,0.0018123
449,170040.2621,0.292918,13,post_critical,0.868935,平静 (Equanimity),1377.427528,64,0.00186329
450,171279.3845,0.15378,13,post_critical,0.879699,平静 (Equanimity),1239.122404,65,0.00183051
451,172942.8578,0.226682,13,post_critical,0.877542,平静 (Equanimity),1663.473279,66,0.00183095
452,174747.6366,0.24364,13,post_critical,0.889941,平静 (Equanimity),1804.778808,67,0.00183287
453,176365.2955,0.182477,13,post_critical,0.873726,平静 (Equanimity),1617.65888,68,0.00184299
454,177157.7537,0.114804,13,post_critical,0.887963,平静 (Equanimity),792.458153,69,0.00193359
455,178257.4494,0.321333,13,post_critical,0.899744,平静 (Equanimity),1099.695691,70,0.00202865
456,179548.4596,0.24172,13,post_critical,0.870069,平静 (Equanimity),1291.010238,71,0.00194384
457,181081.728,0.215519,13,post_critical,0.880352,平静 (Equanimity),1533.268382,72,0.00191764
458,182857.539,0.21388,13,post_critical,0.877697,平静 (Equanimity),1775.811004,73,0.00191312
459,184538.0458,0.174495,13,post_critical,0.861479,平静 (Equanimity),1680.506865,74,0.00190783
460,186192.7316,0.14568,13,post_critical,0.871471,平静 (Equanimity),1654.685709,75,0.00195747
461,187340.7223,0.183953,13,post_critical,0.873999,平静 (Equanimity),1147.990786,76,0.0019474
462,188906.6717,0.347297,13,post_critical,0.881399,平静 (Equanimity),1565.949393,77,0.00211016
463,190675.4109,0.19582,13,post_critical,0.889704,平静 (Equanimity),1768.739169,78,0.00209136
464,192666.0139,0.317066,13,post_critical,0.893669,平静 (Equanimity),1990.602959,79,0.00217689
465,194415.53,0.193021,13,post_critical,0.871577,平静 (Equanimity),1749.51612,80,0.00216298
466,196246.7769,0.272018,13,post_critical,0.862224,平静 (Equanimity),1831.246922,81,0.00213119
467,197623.4613,0.280099,13,post_critical,0.877567,平静 (Equanimity),1376.684402,82,0.00216482
468,198961.7222,0.21407,13,post_critical,0.887408,平静 (Equanimity),1338.260932,83,0.00216095
469,200371.8163,0.280615,13,post_critical,0.887769,平静 (Equanimity),1410.094066,84,0.0021982
470,202116.908,0.266501,13,post_critical,0.872739,平静 (Equanimity),1745.091698,85,0.0022218
471,203858.5987,0.275705,13,post_critical,0.889009,平静 (Equanimity),1741.690742,86,0.00225228
472,205942.9385,0.203171,13,post_critical,0.892258,平静 (Equanimity),2084.339808,87,0.00224027
473,207978.9299,0.282844,13,post_critical,0.899329,平静 (Equanimity),2035.991376,88,0.00227716
474,209881.1286,0.219426,13,post_critical,0.870265,平静 (Equanimity),1902.198672,89,0.00227632
475,211592.1426,0.24685,13,post_critical,0.885473,平静 (Equanimity),1711.014011,90,0.00227895
476,213447.1943,0.254351,13,post_critical,0.884041,平静 (Equanimity),1855.051734,91,0.00227057
477,215137.221,0.170384,13,post_critical,0.864132,平静 (Equanimity),1690.026693,92,0.00228849
478,216839.1444,0.239918,13,post_critical,0.885821,平静 (Equanimity),1701.923391,93,0.00229306
479,218401.7948,0.17306,13,post_critical,0.873692,平静 (Equanimity),1562.650342,94,0.00228529
480,219872.291,0.245391,13,post_critical,0.882978,平静 (Equanimity),1470.496259,95,0.00226913
481,221971.015,0.23492,13,post_critical,0.886322,平静 (Equanimity),2098.723951,96,0.0022695
482,224176.8306,0.259877,13,post_critical,0.865445,平静 (Equanimity),2205.815584,97,0.00220601
483,225902.3688,0.230555,13,post_critical,0.882653,平静 (Equanimity),1725.53825,98,0.00220672
484,227833.5908,0.295732,13,post_critical,0.871083,平静 (Equanimity),1931.221979,99,0.00224763
485,229475.7158,0.239094,13,post_critical,0.869196,平静 (Equanimity),1642.125059,100,0.00225067
486,231650.0242,0.20705,13,post_critical,0.87106,平静 (Equanimity),2174.308335,101,0.0022522
487,233813.4251,0.294212,13,post_critical,0.859638,平静 (Equanimity),2163.400879,102,0.00229097
488,235957.297,0.28936,13,post_critical,0.865916,平静 (Equanimity),2143.871938,103,0.00233627
489,237818.724,0.209137,13,post_critical,0.894319,平静 (Equanimity),1861.426996,104,0.00232751
490,240076.7346,0.223228,13,post_critical,0.888011,平静 (Equanimity),2258.010565,105,0.00232746
491,242134.301,0.252036,13,post_critical,0.902743,平静 (Equanimity),2057.566457,106,0.00233515
492,244611.1075,0.283695,13,post_critical,0.889444,平静 (Equanimity),2476.806443,107,0.00235569
493,246940.2563,0.306531,13,post_critical,0.897262,平静 (Equanimity),2329.148869,108,0.00238851
494,249294.3791,0.250108,13,post_critical,0.88456,平静 (Equanimity),2354.122761,109,0.00239207
495,251509.8931,0.189174,13,post_critical,0.876126,平静 (Equanimity),2215.513966,110,0.00238464
496,253528.4684,0.213167,13,post_critical,0.883082,平静 (Equanimity),2018.575362,111,0.00238459
497,255928.1226,0.239018,13,post_critical,0.876827,平静 (Equanimity),2399.654202,112,0.00224734
498,258388.0739,0.203109,13,post_critical,0.875637,平静 (Equanimity),2459.951313,113,0.00223503
499,260537.8859,0.212487,13,post_critical,0.875186,平静 (Equanimity),2149.812011,114,0.00223477
500,262687.8165,0.225966,13,post_critical,0.871454,平静 (Equanimity),2149.930544,115,0.00223032
501,264991.9883,0.243688,13,post_critical,0.891915,平静 (Equanimity),2304.171828,116,0.0022339
502,266151.2883,0.157808,13,post_critical,0.892382,平静 (Equanimity),1159.299965,117,0.00226951
503,267580.8004,0.199379,13,post_critical,0.870868,平静 (Equanimity),1429.512138,118,0.00227503
504,269846.4196,0.160803,13,post_critical,0.888308,平静 (Equanimity),2265.619145,119,0.00229616
505,271983.9487,0.223283,13,post_critical,0.895637,平静 (Equanimity),2137.529115,120,0.00229426
506,274673.4559,0.209356,13,post_critical,0.886504,平静 (Equanimity),2689.507236,121,0.00228555
507,277283.3748,0.200658,13,post_critical,0.898825,平静 (Equanimity),2609.918839,122,0.00228989
508,279418.5308,0.208208,13,post_critical,0.89702,平静 (Equanimity),2135.156064,123,0.00229053
509,281605.0148,0.210017,13,post_critical,0.868513,平静 (Equanimity),2186.484021,124,0.0022455
510,284112.1051,0.190125,13,post_critical,0.894876,平静 (Equanimity),2507.090287,125,0.00225474
511,286505.771,0.2641,13,post_critical,0.887363,平静 (Equanimity),2393.665899,126,0.00225866
512,289073.9124,0.234325,13,post_critical,0.874623,平静 (Equanimity),2568.141327,127,0.00225991
513,290277.3823,0.184008,13,post_critical,0.883592,平静 (Equanimity),1203.469916,128,0.00225273
514,291876.7578,0.108874,13,post_critical,0.895476,平静 (Equanimity),1599.37556,129,0.00237872
515,294353.6145,0.24256,13,post_critical,0.889193,平静 (Equanimity),2476.856692,130,0.00235628
516,296807.3767,0.206283,13,post_critical,0.890141,平静 (Equanimity),2453.762214,131,0.0022926
517,298009.2568,0.239906,13,post_critical,0.863661,平静 (Equanimity),1201.880041,132,0.00228418
518,299058.4685,0.210061,13,post_critical,0.882523,平静 (Equanimity),1049.211752,133,0.00222499
519,300960.9807,0.17242,13,post_critical,0.885197,平静 (Equanimity),1902.512165,134,0.00224922
520,302305.6274,0.272298,13,post_critical,0.860686,平静 (Equanimity),1344.646693,135,0.00217344
521,303324.9772,0.195754,13,post_critical,0.867202,平静 (Equanimity),1019.349772,136,0.00211045
522,304294.2675,0.194595,13,post_critical,0.886236,平静 (Equanimity),969.290293,137,0.00211646
523,305516.993,0.216036,13,post_critical,0.878496,平静 (Equanimity),1222.725501,138,0.00211543
524,306806.6503,0.266134,13,post_critical,0.873801,平静 (Equanimity),1289.657343,139,0.00210347
525,307855.5742,0.168353,13,post_critical,0.880792,平静 (Equanimity),1048.923874,140,0.0021297
526,309136.8282,0.16139,13,post_critical,0.890571,平静 (Equanimity),1281.25408,141,0.00208701
527,310652.9408,0.213455,13,post_critical,0.880642,平静 (Equanimity),1516.11251,142,0.00208032
528,312123.977,0.276834,13,post_critical,0.876879,平静 (Equanimity),1471.036257,143,0.00210772
529,313694.7893,0.207516,13,post_critical,0.865767,平静 (Equanimity),1570.812234,144,0.00205527
530,315846.6083,0.13625,13,post_critical,0.849484,平静 (Equanimity),2151.819042,145,0.0021308
531,318252.9893,0.189165,13,post_critical,0.851067,平静 (Equanimity),2406.380991,146,0.00208491
532,320106.2432,0.224935,13,post_critical,0.847476,平静 (Equanimity),1853.253912,147,0.00204227
533,322274.7255,0.150528,13,post_critical,0.855168,平静 (Equanimity),2168.482291,148,0.00208791
534,324486.0925,0.240214,13,post_critical,0.880993,平静 (Equanimity),2211.366982,149,0.00206743
535,326398.1075,0.199405,13,post_critical,0.891618,平静 (Equanimity),1912.015064,150,0.00207022
536,328495.4521,0.145144,13,post_critical,0.886996,平静 (Equanimity),2097.344616,151,0.00209183
537,331614.2306,0.255383,13,post_critical,0.86277,平静 (Equanimity),3118.778488,152,0.00206983
538,333293.1005,0.256618,13,post_critical,0.879688,平静 (Equanimity),1678.86984,153,0.00208146
539,335218.7538,0.2445,13,post_critical,0.872963,平静 (Equanimity),1925.653285,154,0.00204436
540,337261.8623,0.208586,13,post_critical,0.877685,平静 (Equanimity),2043.108496,155,0.00204645
541,339242.5784,0.28731,13,post_critical,0.87235,平静 (Equanimity),1980.716132,156,0.00207477
542,341318.2408,0.162074,13,post_critical,0.889593,平静 (Equanimity),2075.662385,157,0.00210732
543,344104.7246,0.235884,13,post_critical,0.867034,平静 (Equanimity),2786.483871,158,0.00210788
544,347144.8203,0.175665,13,post_critical,0.888479,平静 (Equanimity),3040.095664,159,0.00212763
545,349727.4273,0.275405,13,post_critical,0.892235,平静 (Equanimity),2582.606967,160,0.00215074
546,352991.3878,0.206877,13,post_critical,0.868497,平静 (Equanimity),3263.960572,161,0.00214286
547,355803.4679,0.182926,13,post_critical,0.869417,平静 (Equanimity),2812.0801,162,0.00211986
548,357943.8012,0.2508,13,post_critical,0.874967,平静 (Equanimity),2140.333218,163,0.00212543
549,360245.5345,0.151552,13,post_critical,0.89078,平静 (Equanimity),2301.733332,164,0.00212595
550,362138.4125,0.210314,13,post_critical,0.886896,平静 (Equanimity),1892.878038,165,0.00208078
551,364251.9139,0.261839,13,post_critical,0.862926,平静 (Equanimity),2113.501378,166,0.00209611
552,367010.6083,0.168565,13,post_critical,0.878126,平静 (Equanimity),2758.694401,167,0.00212037
553,368724.3067,0.249586,13,post_critical,0.895116,平静 (Equanimity),1713.698375,168,0.00211207
554,370251.2679,0.187604,13,post_critical,0.889566,平静 (Equanimity),1526.961233,169,0.00200765
555,371837.4665,0.186939,13,post_critical,0.868519,平静 (Equanimity),1586.198603,170,0.00192291
556,372987.5318,0.186782,13,post_critical,0.872033,平静 (Equanimity),1150.065256,171,0.00193105
557,374118.2636,0.268171,13,post_critical,0.868576,平静 (Equanimity),1130.731865,172,0.00195232
558,375434.6825,0.225235,13,post_critical,0.883898,平静 (Equanimity),1316.418894,173,0.00195177
559,377492.4864,0.248198,13,post_critical,0.884979,平静 (Equanimity),2057.803905,174,0.00193549
560,379514.2023,0.213297,13,post_critical,0.889661,平静 (Equanimity),2021.715871,175,0.0018765
561,381034.6019,0.266965,13,post_critical,0.884119,平静 (Equanimity),1520.399541,176,0.00187917
562,383408.476,0.231657,13,post_critical,0.89407,平静 (Equanimity),2373.87415,177,0.00172702
563,386727.1911,0.319241,13,post_critical,0.891019,平静 (Equanimity),3318.715114,178,0.00181045
564,388333.7673,0.263303,13,post_critical,0.894144,平静 (Equanimity),1606.576202,179,0.00173937
565,390838.4839,0.236604,13,post_critical,0.883808,平静 (Equanimity),2504.716591,180,0.00173134
566,394004.7339,0.212257,13,post_critical,0.881136,平静 (Equanimity),3166.249993,181,0.0017096
567,396969.9882,0.231129,13,post_critical,0.851613,平静 (Equanimity),2965.254242,182,0.00167805
568,400207.7222,0.187848,13,post_critical,0.886666,平静 (Equanimity),3237.734011,183,0.00168962
569,403905.7957,0.177603,13,post_critical,0.869579,平静 (Equanimity),3698.073561,184,0.00167576
570,406173.3078,0.237078,13,post_critical,0.884017,平静 (Equanimity),2267.51204,185,0.00165807
571,409008.8905,0.196203,13,post_critical,0.886065,平静 (Equanimity),2835.582755,186,0.00163457
572,411956.8932,0.189586,13,post_critical,0.871734,平静 (Equanimity),2948.00273,187,0.00164118
573,415517.7026,0.248718,13,post_critical,0.843093,平静 (Equanimity),3560.809339,188,0.00161025
574,418094.1456,0.17492,13,post_critical,0.884436,平静 (Equanimity),2576.443056,189,0.00163064
575,421478.4506,0.271703,13,post_critical,0.878132,平静 (Equanimity),3384.304966,190,0.00165018
576,423425.5996,0.177024,13,post_critical,0.878996,平静 (Equanimity),1947.148968,191,0.00165641
577,426530.2595,0.217675,13,post_critical,0.861758,平静 (Equanimity),3104.659899,192,0.00163225
578,430080.1551,0.275959,13,post_critical,0.882665,平静 (Equanimity),3549.895662,193,0.00165961
579,433979.0494,0.278983,13,post_critical,0.886885,平静 (Equanimity),3898.894271,194,0.0016709
580,437264.0379,0.204136,13,post_critical,0.864292,平静 (Equanimity),3284.988532,195,0.00166781
581,440907.861,0.270266,13,post_critical,0.88571,平静 (Equanimity),3643.82305,196,0.00169015
582,444272.0071,0.242251,13,post_critical,0.867543,平静 (Equanimity),3364.146137,197,0.00167958
583,447788.0889,0.180964,13,post_critical,0.89355,平静 (Equanimity),3516.081788,198,0.00169444
584,451726.064,0.236776,13,post_critical,0.879153,平静 (Equanimity),3937.975103,199,0.00164013
585,455142.3911,0.326763,13,post_critical,0.897509,平静 (Equanimity),3416.327074,200,0.00174987
586,457536.1855,0.190694,13,post_critical,0.881834,平静 (Equanimity),2393.794358,201,0.00175701
587,459495.039,0.287192,13,post_critical,0.886054,平静 (Equanimity),1958.853539,202,0.00174716
588,462062.869,0.170578,13,post_critical,0.887851,平静 (Equanimity),2567.830035,203,0.00172337
589,466031.5912,0.199648,13,post_critical,0.818255,平静 (Equanimity),3968.722165,204,0.0017262
590,469508.2902,0.262596,13,post_critical,0.889141,平静 (Equanimity),3476.699024,205,0.00174466
591,473476.5557,0.194806,13,post_critical,0.904095,平静 (Equanimity),3968.26544,206,0.00174003
592,476928.906,0.225205,13,post_critical,0.8873,平静 (Equanimity),3452.350302,207,0.00169831
593,481091.4856,0.210139,13,post_critical,0.879098,平静 (Equanimity),4162.579675,208,0.00162058
594,484378.5728,0.284592,13,post_critical,0.890373,平静 (Equanimity),3287.087125,209,0.00165482
595,488054.7709,0.211593,13,post_critical,0.872644,平静 (Equanimity),3676.198115,210,0.00164693
596,492142.5348,0.307717,13,post_critical,0.86237,平静 (Equanimity),4087.7639,211,0.0017261
597,496239.7738,0.248149,13,post_critical,0.898542,平静 (Equanimity),4097.239013,212,0.00173057
598,499701.2002,0.232814,13,post_critical,0.889218,平静 (Equanimity),3461.426424,213,0.00172978
599,504051.837,0.196448,14,post_critical,0.893472,平静 (Equanimity),4350.636794,0,0.00173456
600,508040.1568,0.2296,14,post_critical,0.869992,平静 (Equanimity),3988.319833,1,0.00173517
601,512168.6301,0.260782,14,post_critical,0.878923,平静 (Equanimity),4128.473316,2,0.0017464
602,515500.436,0.229673,14,post_critical,0.875623,平静 (Equanimity),3331.805885,3,0.00170888
603,519460.1404,0.211341,14,post_critical,0.887781,平静 (Equanimity),3959.704327,4,0.00170531
604,522216.7968,0.203737,14,post_critical,0.885253,平静 (Equanimity),2756.656469,5,0.00167245
605,524547.7231,0.199248,14,post_critical,0.875882,平静 (Equanimity),2330.926276,6,0.00167696
606,526566.9332,0.251778,14,post_critical,0.869149,平静 (Equanimity),2019.21005,7,0.00168531
607,528638.0596,0.243461,14,post_critical,0.863565,平静 (Equanimity),2071.126491,8,0.00168609
608,530489.809,0.192965,14,post_critical,0.87489,平静 (Equanimity),1851.749363,9,0.0016924
609,533444.2203,0.240106,14,post_critical,0.868208,平静 (Equanimity),2954.411279,10,0.00169462
610,537722.6824,0.305067,14,post_critical,0.882478,平静 (Equanimity),4278.462153,11,0.00175327
611,541138.6468,0.222135,14,post_critical,0.886119,平静 (Equanimity),3415.964401,12,0.00173592
612,544699.974,0.237561,14,post_critical,0.889173,平静 (Equanimity),3561.327192,13,0.00173681
613,549050.2631,0.16502,14,post_critical,0.885454,平静 (Equanimity),4350.289084,14,0.00175491
614,553194.1166,0.182945,14,post_critical,0.867378,平静 (Equanimity),4143.853448,15,0.00164151
615,556892.0745,0.20999,14,post_critical,0.870941,平静 (Equanimity),3697.957919,16,0.00163916
616,560441.9181,0.202682,14,post_critical,0.880221,平静 (Equanimity),3549.843648,17,0.00164045
617,565300.3208,0.279691,14,post_critical,0.886995,平静 (Equanimity),4858.402713,18,0.00167
618,570157.9237,0.213426,14,post_critical,0.890146,平静 (Equanimity),4857.602827,19,0.00166925
619,573404.413,0.26046,14,post_critical,0.899861,平静 (Equanimity),3246.489317,20,0.00165711
620,577921.3546,0.235014,14,post_critical,0.8737,平静 (Equanimity),4516.941627,21,0.00163469
621,581953.5442,0.245555,14,post_critical,0.863177,平静 (Equanimity),4032.189591,22,0.00163171
622,586482.5596,0.166877,14,post_critical,0.866746,平静 (Equanimity),4529.015407,23,0.00165556
623,591249.4853,0.297121,14,post_critical,0.886978,平静 (Equanimity),4766.925712,24,0.00170834
624,596303.3427,0.195712,14,post_critical,0.88932,平静 (Equanimity),5053.85737,25,0.00169871
625,601665.0554,0.244458,14,post_critical,0.870146,平静 (Equanimity),5361.712717,26,0.00167176
626,606355.2204,0.222096,14,post_critical,0.873946,平静 (Equanimity),4690.164937,27,0.00163163
627,611286.4898,0.223551,14,post_critical,0.865228,平静 (Equanimity),4931.269428,28,0.00163029
628,616364.3276,0.244405,14,post_critical,0.873771,平静 (Equanimity),5077.837807,29,0.00160721
629,621606.1247,0.2204,14,post_critical,0.872554,平静 (Equanimity),5241.797152,30,0.00160438
630,626817.4408,0.154895,14,post_critical,0.892997,平静 (Equanimity),5211.316078,31,0.00157473
631,632168.9245,0.238726,14,post_critical,0.880777,平静 (Equanimity),5351.483714,32,0.00156333
632,636788.861,0.165559,14,post_critical,0.881649,平静 (Equanimity),4619.936513,33,0.00159913
633,642284.583,0.239017,14,post_critical,0.886823,平静 (Equanimity),5495.721932,34,0.00154469
634,647040.3531,0.196626,14,post_critical,0.888761,平静 (Equanimity),4755.770166,35,0.00155108
635,652803.7928,0.143883,14,post_critical,0.86761,平静 (Equanimity),5763.439674,36,0.00161063
636,658227.4543,0.111603,14,post_critical,0.897684,平静 (Equanimity),5423.661481,37,0.00167532
637,660712.6078,0.213592,14,post_critical,0.895682,平静 (Equanimity),2485.153522,38,0.00166693
638,664181.8834,0.21485,14,post_critical,0.888837,平静 (Equanimity),3469.275589,39,0.00165714
639,668220.9145,0.211361,14,post_critical,0.876111,平静 (Equanimity),4039.031093,40,0.00165431
640,670991.6335,0.149233,14,post_critical,0.892317,平静 (Equanimity),2770.718957,41,0.00170687
641,674202.6088,0.197391,14,post_critical,0.900518,平静 (Equanimity),3210.97532,42,0.00167106
642,677931.4553,0.243589,14,post_critical,0.894492,平静 (Equanimity),3728.846564,43,0.00163916
643,681162.865,0.217161,14,post_critical,0.894215,平静 (Equanimity),3231.409646,44,0.00163773
644,685973.2663,0.232891,14,post_critical,0.893331,平静 (Equanimity),4810.401313,45,0.00161642
645,691995.9355,0.228347,14,post_critical,0.888681,平静 (Equanimity),6022.669203,46,0.0015892
646,697661.6908,0.237684,14,post_critical,0.885671,平静 (Equanimity),5665.755334,47,0.00158883
647,703732.9688,0.211748,14,post_critical,0.871517,平静 (Equanimity),6071.277959,48,0.00157394
648,709551.8431,0.21301,14,post_critical,0.884395,平静 (Equanimity),5818.874339,49,0.0015673
649,714489.0521,0.17128,14,post_critical,0.877468,平静 (Equanimity),4937.208949,50,0.00154299
650,720425.8057,0.202737,14,post_critical,0.891654,平静 (Equanimity),5936.753592,51,0.0015455
651,724992.4032,0.199507,14,post_critical,0.888118,平静 (Equanimity),4566.597541,52,0.00153562
652,729747.4478,0.298057,14,post_critical,0.867452,平静 (Equanimity),4755.044586,53,0.00156211
653,735500.5564,0.17415,14,post_critical,0.887584,平静 (Equanimity),5753.108565,54,0.00157944
654,740360.3675,0.157798,14,post_critical,0.892499,平静 (Equanimity),4859.811149,55,0.00160932
655,744307.66,0.228488,14,post_critical,0.898022,平静 (Equanimity),3947.292466,56,0.00159671
656,749619.4802,0.209055,14,post_critical,0.878822,平静 (Equanimity),5311.82021,57,0.00158545
657,753672.1965,0.217021,14,post_critical,0.877296,平静 (Equanimity),4052.716351,58,0.00156546
658,757721.1181,0.2005,14,post_critical,0.89232,平静 (Equanimity),4048.921591,59,0.00157032
659,761417.0602,0.242423,14,post_critical,0.87214,平静 (Equanimity),3695.942103,60,0.00156769
660,764788.9051,0.217933,14,post_critical,0.880889,平静 (Equanimity),3371.84485,61,0.00156705
661,768759.8046,0.239357,14,post_critical,0.894491,平静 (Equanimity),3970.899466,62,0.00155007
662,773184.0639,0.15141,14,post_critical,0.873164,平静 (Equanimity),4424.259299,63,0.00159875
663,778146.6177,0.206341,14,post_critical,0.888302,平静 (Equanimity),4962.553828,64,0.00150417
664,782600.2124,0.174102,14,post_critical,0.901906,平静 (Equanimity),4453.594758,65,0.0015063
665,788400.0115,0.255077,14,post_critical,0.900504,平静 (Equanimity),5799.799058,66,0.00151602
666,795130.3052,0.22486,14,post_critical,0.885189,平静 (Equanimity),6730.293677,67,0.00151573
667,800133.712,0.262146,14,post_critical,0.861378,平静 (Equanimity),5003.406789,68,0.00153231
668,806477.8549,0.239727,14,post_critical,0.875941,平静 (Equanimity),6344.1429,69,0.00152552
669,812802.0026,0.278699,14,post_critical,0.867078,平静 (Equanimity),6324.147708,70,0.00153979
670,818047.8577,0.20694,14,post_critical,0.88198,平静 (Equanimity),5245.855119,71,0.00153945
671,823906.9055,0.257752,14,post_critical,0.869497,平静 (Equanimity),5859.047769,72,0.00154607
672,828392.6565,0.242365,14,post_critical,0.87603,平静 (Equanimity),4485.750992,73,0.00153952
673,832891.9669,0.231849,14,post_critical,0.885436,平静 (Equanimity),4499.310429,74,0.00153347
674,838408.4096,0.187406,14,post_critical,0.862645,平静 (Equanimity),5516.442715,75,0.00152319
675,842091.3662,0.228277,14,post_critical,0.866117,平静 (Equanimity),3682.956629,76,0.00149904
676,846919.7799,0.263235,14,post_critical,0.880264,平静 (Equanimity),4828.413653,77,0.00149513
677,852836.8735,0.269978,14,post_critical,0.900136,平静 (Equanimity),5917.093644,78,0.00151683
678,858484.193,0.293181,14,post_critical,0.875354,平静 (Equanimity),5647.319457,79,0.00153789
679,860751.2257,0.254776,14,post_critical,0.867822,平静 (Equanimity),2267.032704,80,0.00151684
680,863368.4473,0.197918,14,post_critical,0.880545,平静 (Equanimity),2617.22158,81,0.0015196
681,867538.8879,0.293453,14,post_critical,0.893103,平静 (Equanimity),4170.440684,82,0.00154674
682,871043.5357,0.227528,14,post_critical,0.898399,平静 (Equanimity),3504.647713,83,0.00154335
683,876423.8527,0.160479,14,post_critical,0.870642,平静 (Equanimity),5380.317071,84,0.00156485
684,883430.8134,0.200136,14,post_critical,0.876505,平静 (Equanimity),7006.960694,85,0.00156812
685,890750.3752,0.269446,14,post_critical,0.875708,平静 (Equanimity),7319.561751,86,0.00148138
686,897806.2788,0.162491,14,post_critical,0.880473,平静 (Equanimity),7055.903599,87,0.001507
687,904605.3969,0.220427,14,post_critical,0.87779,平静 (Equanimity),6799.118141,88,0.00146391
688,911358.843,0.226579,14,post_critical,0.84501,平静 (Equanimity),6753.446032,89,0.00143826
689,918305.8118,0.361762,14,post_critical,0.860081,平静 (Equanimity),6946.968818,90,0.00162672
690,925146.87,0.174878,14,post_critical,0.888897,平静 (Equanimity),6841.058222,91,0.00163411
691,930491.762,0.192601,14,post_critical,0.882976,平静 (Equanimity),5344.891974,92,0.00163538
692,937160.9607,0.237832,14,post_critical,0.889743,平静 (Equanimity),6669.198718,93,0.00163765
693,944090.2147,0.277494,14,post_critical,0.889703,平静 (Equanimity),6929.25399,94,0.00166575
694,951190.5479,0.251271,14,post_critical,0.897925,平静 (Equanimity),7100.333259,95,0.00163589
695,959077.3942,0.241219,14,post_critical,0.891857,平静 (Equanimity),7886.846268,96,0.00163785
696,965783.5173,0.144956,14,post_critical,0.891951,平静 (Equanimity),6706.123066,97,0.00162516
697,974062.2923,0.211559,14,post_critical,0.878045,平静 (Equanimity),8278.775081,98,0.001619
698,981483.407,0.251548,14,post_critical,0.886131,平静 (Equanimity),7421.114639,99,0.0016268
699,989689.2224,0.187747,14,post_critical,0.898375,平静 (Equanimity),8205.815463,100,0.0016319
700,996297.2841,0.229266,14,post_critical,0.900027,平静 (Equanimity),6608.061632,101,0.00163185
701,1002840.8923,0.34784,15,post_critical,0.885488,平静 (Equanimity),6543.608174,0,0.00177553
702,1010360.4815,0.172592,15,post_critical,0.887757,平静 (Equanimity),7519.589224,1,0.00179928
703,1017237.7978,0.24812,15,post_critical,0.888697,平静 (Equanimity),6877.316337,2,0.00180509
704,1025707.0482,0.169337,15,post_critical,0.890238,平静 (Equanimity),8469.250372,3,0.00182939
705,1032321.1497,0.111509,15,post_critical,0.867771,平静 (Equanimity),6614.101534,4,0.00194496
706,1038453.2227,0.25695,15,post_critical,0.888573,平静 (Equanimity),6132.072989,5,0.00194843
707,1046233.2255,0.235232,15,post_critical,0.872603,平静 (Equanimity),7780.002745,6,0.00194537
708,1054010.7103,0.225412,15,post_critical,0.864414,平静 (Equanimity),7777.484807,7,0.00193775
709,1061815.2034,0.153832,15,post_critical,0.893841,平静 (Equanimity),7804.493117,8,0.00197864
710,1069513.1584,0.242691,15,post_critical,0.885012,平静 (Equanimity),7697.955059,9,0.00191132
711,1078233.2645,0.281989,15,post_critical,0.887879,平静 (Equanimity),8720.106042,10,0.00194981
712,1087538.528,0.144939,15,post_critical,0.866345,平静 (Equanimity),9305.263512,11,0.0020026
713,1094796.8918,0.23236,15,post_critical,0.882599,平静 (Equanimity),7258.363766,12,0.00197441
714,1102933.0167,0.207608,15,post_critical,0.896818,平静 (Equanimity),8136.124927,13,0.00196218
715,1112736.5774,0.225759,15,post_critical,0.883893,平静 (Equanimity),9803.560683,14,0.00196142
716,1122199.0794,0.229116,15,post_critical,0.875989,平静 (Equanimity),9462.502054,15,0.00195899
717,1130010.2083,0.207085,15,post_critical,0.890056,平静 (Equanimity),7811.128839,16,0.00192541
718,1138173.1812,0.226802,15,post_critical,0.896792,平静 (Equanimity),8162.972966,17,0.00192545
719,1146483.2872,0.298449,15,post_critical,0.900777,平静 (Equanimity),8310.105973,18,0.00197045
720,1153635.4495,0.160439,15,post_critical,0.881185,平静 (Equanimity),7152.162293,19,0.00200373
721,1163342.935,0.251261,15,post_critical,0.890457,平静 (Equanimity),9707.485473,20,0.00200701
722,1173433.5571,0.247931,15,post_critical,0.861579,平静 (Equanimity),10090.622163,21,0.00198638
723,1182165.5931,0.19125,15,post_critical,0.868068,平静 (Equanimity),8732.035997,22,0.00193518
724,1191700.0888,0.171982,15,post_critical,0.873662,平静 (Equanimity),9534.495645,23,0.00195203
725,1201475.9069,0.225953,15,post_critical,0.868579,平静 (Equanimity),9775.818142,24,0.00194608
726,1211174.254,0.239752,15,post_critical,0.881121,平静 (Equanimity),9698.347043,25,0.00195024
727,1221341.2838,0.285111,15,post_critical,0.885182,平静 (Equanimity),10167.029799,26,0.00199309
728,1231726.8977,0.191288,15,post_critical,0.841643,平静 (Equanimity),10385.61398,27,0.00199493
729,1238878.6575,0.26024,15,post_critical,0.867541,平静 (Equanimity),7151.759771,28,0.00201151
730,1245602.6254,0.245787,15,post_critical,0.864666,平静 (Equanimity),6723.967893,29,0.00197547
731,1253633.562,0.239651,15,post_critical,0.839147,平静 (Equanimity),8030.936646,30,0.00197581
732,1260802.7797,0.254398,15,post_critical,0.853709,平静 (Equanimity),7169.217655,31,0.0019561
733,1270517.9367,0.247982,15,post_critical,0.882884,平静 (Equanimity),9715.156999,32,0.00196004
734,1274507.2097,0.168943,15,post_critical,0.882542,平静 (Equanimity),3989.273037,33,0.00198145
735,1279329.9245,0.167716,15,post_critical,0.891976,平静 (Equanimity),4822.714735,34,0.00195016
736,1286984.5507,0.256868,15,post_critical,0.859269,平静 (Equanimity),7654.626228,35,0.00183959
737,1297012.8461,0.232043,15,post_critical,0.869894,平静 (Equanimity),10028.295361,36,0.00183948
738,1304746.1703,0.145927,15,post_critical,0.875322,平静 (Equanimity),7733.324264,37,0.00189803
739,1314872.7894,0.154477,15,post_critical,0.883397,平静 (Equanimity),10126.619063,38,0.00194275
740,1323433.4175,0.225337,15,post_critical,0.882001,平静 (Equanimity),8560.62809,39,0.00188941
741,1330809.3284,0.265912,15,post_critical,0.855439,平静 (Equanimity),7375.910895,40,0.0019012
742,1338439.6202,0.197813,15,post_critical,0.875433,平静 (Equanimity),7630.291861,41,0.00190345
743,1348347.7085,0.215881,15,post_critical,0.870251,平静 (Equanimity),9908.088243,42,0.00190362
744,1354971.7886,0.193619,15,post_critical,0.889017,平静 (Equanimity),6624.080163,43,0.00191106
745,1361595.8773,0.239977,15,post_critical,0.877668,平静 (Equanimity),6624.088649,44,0.00191375
746,1366895.8236,0.253091,15,post_critical,0.877793,平静 (Equanimity),5299.94634,45,0.00192073
747,1373036.4712,0.210045,15,post_critical,0.852493,平静 (Equanimity),6140.647591,46,0.00192114
748,1377178.0654,0.181668,15,post_critical,0.884572,平静 (Equanimity),4141.594169,47,0.00193699
749,1381777.6093,0.258466,15,post_critical,0.886097,平静 (Equanimity),4599.543934,48,0.00192298
750,1386547.0001,0.173494,15,post_critical,0.879988,平静 (Equanimity),4769.390783,49,0.0019435
751,1392575.0441,0.191614,15,post_critical,0.878777,平静 (Equanimity),6028.043996,50,0.00194783
752,1397650.39,0.188605,15,post_critical,0.89855,平静 (Equanimity),5075.345891,51,0.00190207
753,1405237.9407,0.257343,15,post_critical,0.869774,平静 (Equanimity),7587.550693,52,0.00189118
754,1413181.3306,0.172173,15,post_critical,0.870523,平静 (Equanimity),7943.389896,53,0.00187456
755,1421941.579,0.170954,15,post_critical,0.882222,平静 (Equanimity),8760.248427,54,0.00190084
756,1430719.6067,0.102078,15,post_critical,0.880642,平静 (Equanimity),8778.027678,55,0.00204243
757,1440844.0679,0.243087,15,post_critical,0.886232,平静 (Equanimity),10124.461185,56,0.00204697
758,1452521.831,0.212547,15,post_critical,0.878821,平静 (Equanimity),11677.763092,57,0.00204336
759,1464535.5381,0.200703,15,post_critical,0.88895,平静 (Equanimity),12013.707153,58,0.00204321
760,1475482.9503,0.236558,15,post_critical,0.900274,平静 (Equanimity),10947.412176,59,0.00204543
761,1487050.1877,0.24422,15,post_critical,0.886759,平静 (Equanimity),11567.237451,60,0.00204742
762,1499661.4838,0.181839,15,post_critical,0.898577,平静 (Equanimity),12611.296099,61,0.00201399
763,1512902.1923,0.229277,15,post_critical,0.868124,平静 (Equanimity),13240.708467,62,0.00201215
764,1523132.9816,0.259274,15,post_critical,0.875352,平静 (Equanimity),10230.789283,63,0.00200248
765,1530292.4627,0.145896,15,post_critical,0.885992,平静 (Equanimity),7159.481138,64,0.00204999
766,1535726.9056,0.218658,15,post_critical,0.896497,平静 (Equanimity),5434.442889,65,0.00204998
767,1542399.5113,0.124499,15,post_critical,0.897993,平静 (Equanimity),6672.605663,66,0.00212603
768,1549614.6976,0.237766,15,post_critical,0.883764,平静 (Equanimity),7215.18633,67,0.0021253
769,1557334.6919,0.212759,15,post_critical,0.891345,平静 (Equanimity),7719.994309,68,0.00209126
770,1568686.718,0.233595,15,post_critical,0.887024,平静 (Equanimity),11352.026092,69,0.00209155
771,1580405.0201,0.2032,15,post_critical,0.854174,平静 (Equanimity),11718.302101,70,0.00207966
772,1591411.6801,0.246941,15,post_critical,0.861884,平静 (Equanimity),11006.660001,71,0.00208198
773,1603028.7195,0.312577,15,post_critical,0.898202,平静 (Equanimity),11617.039405,72,0.00216668
774,1611292.5543,0.239461,15,post_critical,0.889173,平静 (Equanimity),8263.834732,73,0.00215941
775,1621251.4435,0.199378,15,post_critical,0.877716,平静 (Equanimity),9958.889288,74,0.00216328
776,1633916.875,0.292487,15,post_critical,0.893048,平静 (Equanimity),12665.43144,75,0.00219682
777,1647144.9345,0.248449,15,post_critical,0.86742,平静 (Equanimity),13228.059544,76,0.00218018
778,1658774.4772,0.283448,15,post_critical,0.877316,平静 (Equanimity),11629.542671,77,0.00216697
779,1671079.2931,0.196477,15,post_critical,0.889121,平静 (Equanimity),12304.815912,78,0.0021605
780,1685292.9691,0.206663,15,post_critical,0.877167,平静 (Equanimity),14213.676024,79,0.00215743
781,1699057.1016,0.16032,15,post_critical,0.850014,平静 (Equanimity),13764.132488,80,0.00213698
782,1711732.3108,0.248352,15,post_critical,0.892111,平静 (Equanimity),12675.20921,81,0.00214501
783,1721884.5241,0.256657,15,post_critical,0.890599,平静 (Equanimity),10152.213316,82,0.0021245
784,1733389.1463,0.228085,15,post_critical,0.89057,平静 (Equanimity),11504.622196,83,0.0021213
785,1740578.0202,0.214902,15,post_critical,0.880384,平静 (Equanimity),7188.873856,84,0.0020968
786,1748484.4263,0.307492,15,post_critical,0.887455,平静 (Equanimity),7906.406063,85,0.00213978
787,1755832.1608,0.232567,15,post_critical,0.893058,平静 (Equanimity),7347.734584,86,0.00214113
788,1762736.4772,0.211603,15,post_critical,0.874114,平静 (Equanimity),6904.316349,87,0.00214168
789,1770671.721,0.232577,15,post_critical,0.884174,平静 (Equanimity),7935.243816,88,0.00194287
790,1781967.9343,0.278306,15,post_critical,0.876659,平静 (Equanimity),11296.213243,89,0.00195632
791,1788884.328,0.256549,15,post_critical,0.873245,平静 (Equanimity),6916.393754,90,0.00196098
792,1793568.0791,0.213124,15,post_critical,0.880978,平静 (Equanimity),4683.75114,91,0.00195883
793,1799653.2461,0.306794,15,post_critical,0.872924,平静 (Equanimity),6085.166924,92,0.00200043
794,1805088.464,0.187946,15,post_critical,0.872859,平静 (Equanimity),5435.217933,93,0.00200217
795,1809704.5328,0.261696,15,post_critical,0.857776,平静 (Equanimity),4616.068841,94,0.00201474
796,1813944.7211,0.177591,15,post_critical,0.862746,平静 (Equanimity),4240.188264,95,0.00197574
797,1817693.6896,0.186154,15,post_critical,0.874847,平静 (Equanimity),3748.968487,96,0.00198702
798,1822458.5379,0.215163,15,post_critical,0.875825,平静 (Equanimity),4764.848345,97,0.00197785
799,1827530.3146,0.177385,15,post_critical,0.876091,平静 (Equanimity),5071.776673,98,0.00198572
800,1834253.7313,0.242623,15,post_critical,0.873577,平静 (Equanimity),6723.416729,99,0.00198983
801,1845936.9584,0.220316,15,post_critical,0.880264,平静 (Equanimity),11683.227085,100,0.00182631
802,1859787.9296,0.215498,15,post_critical,0.893228,平静 (Equanimity),13850.971189,101,0.00180443
803,1875045.2304,0.215375,15,post_critical,0.881815,平静 (Equanimity),15257.300748,102,0.00179647
804,1890285.5011,0.171019,15,post_critical,0.883655,平静 (Equanimity),15240.270732,103,0.00179482
805,1901766.9717,0.279137,15,post_critical,0.877001,平静 (Equanimity),11481.470596,104,0.00171113
806,1911564.3075,0.169276,15,post_critical,0.884694,平静 (Equanimity),9797.335795,105,0.00172441
807,1924563.4356,0.174819,15,post_critical,0.893062,平静 (Equanimity),12999.128064,106,0.00174243
808,1938723.8432,0.160103,15,post_critical,0.883481,平静 (Equanimity),14160.407688,107,0.00177712
809,1952504.2303,0.293422,15,post_critical,0.881357,平静 (Equanimity),13780.387106,108,0.00178812
810,1959817.1069,0.228154,15,post_critical,0.886801,平静 (Equanimity),7312.876582,109,0.00178373
811,1969274.7963,0.253343,15,post_critical,0.8881,平静 (Equanimity),9457.689406,110,0.00175648
812,1984035.1886,0.252591,15,post_critical,0.892318,平静 (Equanimity),14760.392231,111,0.0017097
813,1988837.2609,0.2821,15,post_critical,0.884412,平静 (Equanimity),4802.072328,112,0.00174547
814,1995640.7384,0.175667,15,post_critical,0.87993,平静 (Equanimity),6803.477502,113,0.00176446
815,2002795.7221,0.23015,15,post_critical,0.887146,平静 (Equanimity),7154.983673,114,0.00176505
816,2010654.2287,0.222245,15,post_critical,0.87609,平静 (Equanimity),7858.506609,115,0.00176443
817,2024235.2801,0.20507,15,post_critical,0.87524,平静 (Equanimity),13581.051393,116,0.00176504
818,2033097.9122,0.234339,15,post_critical,0.862172,平静 (Equanimity),8862.632117,117,0.00176646
819,2042968.7403,0.201037,15,post_critical,0.861941,平静 (Equanimity),9870.828068,118,0.00170997
820,2054844.6255,0.283885,15,post_critical,0.900605,平静 (Equanimity),11875.885239,119,0.00171313
821,2070197.0394,0.239125,15,post_critical,0.897402,平静 (Equanimity),15352.413888,120,0.00170737
822,2085556.7621,0.169974,15,post_critical,0.887471,平静 (Equanimity),15359.722722,121,0.00172613
823,2102370.073,0.261404,15,post_critical,0.884027,平静 (Equanimity),16813.310856,122,0.00173368
824,2112580.7713,0.183728,15,post_critical,0.884941,平静 (Equanimity),10210.698293,123,0.00172346
825,2126753.9293,0.222297,15,post_critical,0.88199,平静 (Equanimity),14173.158037,124,0.00172326
826,2140469.5472,0.253784,15,post_critical,0.869047,平静 (Equanimity),13715.617869,125,0.00173036
827,2155140.6211,0.272459,15,post_critical,0.877215,平静 (Equanimity),14671.073963,126,0.00171586
828,2171743.1083,0.223434,15,post_critical,0.878898,平静 (Equanimity),16602.487183,127,0.00170673
829,2180316.3883,0.198576,15,post_critical,0.870644,平静 (Equanimity),8573.279972,128,0.00169687
830,2187614.9699,0.15884,15,post_critical,0.887232,平静 (Equanimity),7298.581667,129,0.00172878
831,2198192.0041,0.139712,15,post_critical,0.889152,平静 (Equanimity),10577.034137,130,0.00178883
832,2206233.3201,0.253219,15,post_critical,0.880271,平静 (Equanimity),8041.315973,131,0.00178802
833,2216628.651,0.157618,15,post_critical,0.897518,平静 (Equanimity),10395.330942,132,0.00181687
834,2231795.0201,0.258644,15,post_critical,0.900487,平静 (Equanimity),15166.369104,133,0.00180796
835,2246081.3442,0.224091,15,post_critical,0.877489,平静 (Equanimity),14286.324137,134,0.00178136
836,2261879.4368,0.22369,15,post_critical,0.897098,平静 (Equanimity),15798.092578,135,0.00176765
837,2278923.5188,0.130808,15,post_critical,0.889862,平静 (Equanimity),17044.082009,136,0.00184359
838,2296372.863,0.125547,15,post_critical,0.89045,平静 (Equanimity),17449.344157,137,0.00187726
839,2315836.6293,0.271657,15,post_critical,0.899788,平静 (Equanimity),19463.766324,138,0.00186379
840,2336109.2642,0.255759,15,post_critical,0.889873,平静 (Equanimity),20272.634925,139,0.00187657
841,2355543.896,0.161558,15,post_critical,0.874745,平静 (Equanimity),19434.631773,140,0.00188794
842,2372245.6741,0.244947,15,post_critical,0.855375,平静 (Equanimity),16701.778058,141,0.00189028
843,2383643.794,0.147664,15,post_critical,0.86069,平静 (Equanimity),11398.119902,142,0.00194078
844,2394521.6855,0.186903,15,post_critical,0.886466,平静 (Equanimity),10877.891556,143,0.00194456
845,2405097.877,0.200408,15,post_critical,0.878868,平静 (Equanimity),10576.191528,144,0.00194297
846,2416061.0538,0.249683,15,post_critical,0.878798,平静 (Equanimity),10963.176716,145,0.0019407
847,2426715.687,0.263772,15,post_critical,0.895736,平静 (Equanimity),10654.633272,146,0.00196078
848,2438451.8656,0.246335,15,post_critical,0.872007,平静 (Equanimity),11736.178526,147,0.00195456
849,2452079.8396,0.223023,15,post_critical,0.87219,平静 (Equanimity),13627.973998,148,0.00193911
850,2471454.4156,0.205874,15,post_critical,0.89295,平静 (Equanimity),19374.576081,149,0.00192016
851,2492545.6281,0.247243,15,post_critical,0.87363,平静 (Equanimity),21091.212467,150,0.00192021
852,2502314.7726,0.178518,15,post_critical,0.876626,平静 (Equanimity),9769.144477,151,0.00192749
853,2510281.3309,0.269295,15,post_critical,0.89177,平静 (Equanimity),7966.55831,152,0.00193793
854,2519424.6393,0.272598,15,post_critical,0.893183,平静 (Equanimity),9143.308385,153,0.00194236
855,2532473.5457,0.223986,15,post_critical,0.889895,平静 (Equanimity),13048.906422,154,0.00191745
856,2547763.1756,0.193399,15,post_critical,0.870608,平静 (Equanimity),15289.62988,155,0.00178242
857,2561369.2879,0.225558,15,post_critical,0.896862,平静 (Equanimity),13606.112312,156,0.00177812
858,2578572.6145,0.272859,15,post_critical,0.888475,平静 (Equanimity),17203.326621,157,0.00180278
859,2593976.1932,0.248405,15,post_critical,0.854372,平静 (Equanimity),15403.578699,158,0.00180446
860,2613360.212,0.184901,15,post_critical,0.873722,平静 (Equanimity),19384.018799,159,0.00181691
861,2634275.1929,0.21519,15,post_critical,0.877159,平静 (Equanimity),20914.98091,160,0.00181265
862,2654469.3104,0.236715,15,post_critical,0.88532,平静 (Equanimity),20194.117429,161,0.00179813
863,2673158.3041,0.246679,15,post_critical,0.890786,平静 (Equanimity),18688.993784,162,0.0018034
864,2691284.59,0.240143,15,post_critical,0.882708,平静 (Equanimity),18126.285904,163,0.00179312
865,2711782.9188,0.213424,15,post_critical,0.884883,平静 (Equanimity),20498.328779,164,0.00173446
866,2727043.0937,0.19215,15,post_critical,0.883901,平静 (Equanimity),15260.174874,165,0.00174395
867,2741768.5404,0.225571,15,post_critical,0.888889,平静 (Equanimity),14725.446742,166,0.00164563
868,2757010.5134,0.180332,15,post_critical,0.894271,平静 (Equanimity),15241.972978,167,0.00166268
869,2770308.6864,0.19819,15,post_critical,0.898189,平静 (Equanimity),13298.172997,168,0.00166794
870,2786667.797,0.263539,15,post_critical,0.864513,平静 (Equanimity),16359.110545,169,0.00168289
871,2806812.1554,0.228405,15,post_critical,0.895132,平静 (Equanimity),20144.358432,170,0.00167881
872,2827195.3517,0.201979,15,post_critical,0.894775,平静 (Equanimity),20383.196338,171,0.0016782
873,2851406.4967,0.28361,15,post_critical,0.86673,平静 (Equanimity),24211.144946,172,0.00163494
874,2872440.9347,0.153338,15,post_critical,0.8675,平静 (Equanimity),21034.438077,173,0.00168048
875,2888086.6314,0.278908,15,post_critical,0.840101,平静 (Equanimity),15645.696645,174,0.00170647
876,2903366.7849,0.254025,15,post_critical,0.847636,平静 (Equanimity),15280.153537,175,0.00166782
877,2921479.1236,0.181609,15,post_critical,0.884344,平静 (Equanimity),18112.338636,176,0.00167778
878,2937555.7098,0.210249,15,post_critical,0.868566,平静 (Equanimity),16076.586209,177,0.00164109
879,2954048.7909,0.251466,15,post_critical,0.873157,平静 (Equanimity),16493.081173,178,0.0016436
880,2967678.4463,0.282367,15,post_critical,0.870459,平静 (Equanimity),13629.655392,179,0.00167716
881,2989969.142,0.244312,15,post_critical,0.881307,平静 (Equanimity),22290.695623,180,0.00164217
882,3001763.4623,0.254177,15,post_critical,0.876853,平静 (Equanimity),11794.32037,181,0.00164539
883,3012821.6737,0.234718,15,post_critical,0.880446,平静 (Equanimity),11058.21133,182,0.00163566
884,3024103.7893,0.280626,15,post_critical,0.879399,平静 (Equanimity),11282.115638,183,0.00166791
885,3036841.0464,0.202882,15,post_critical,0.882631,平静 (Equanimity),12737.257073,184,0.00167151
886,3053995.2763,0.248267,15,post_critical,0.874189,平静 (Equanimity),17154.229911,185,0.00160711
887,3062085.855,0.213765,15,post_critical,0.868545,平静 (Equanimity),8090.578765,186,0.0016071
888,3071698.008,0.165438,15,post_critical,0.88642,平静 (Equanimity),9612.152919,187,0.00163875
889,3085700.7497,0.258972,15,post_critical,0.890377,平静 (Equanimity),14002.741736,188,0.00165093
890,3099858.146,0.235217,15,post_critical,0.890109,平静 (Equanimity),14157.3963,189,0.0016215
891,3115087.0278,0.263889,15,post_critical,0.871545,平静 (Equanimity),15228.881796,190,0.00162705
892,3130222.4788,0.199584,15,post_critical,0.885918,平静 (Equanimity),15135.45098,191,0.0016314
893,3148173.4353,0.215563,15,post_critical,0.895453,平静 (Equanimity),17950.956533,192,0.0015597
894,3166861.0753,0.269175,15,post_critical,0.876305,平静 (Equanimity),18687.639965,193,0.00157063
895,3190856.1774,0.170946,15,post_critical,0.865145,平静 (Equanimity),23995.102118,194,0.00158055
896,3215631.5829,0.251579,15,post_critical,0.879667,平静 (Equanimity),24775.405528,195,0.00157001
897,3241752.462,0.209909,15,post_critical,0.88578,平静 (Equanimity),26120.879063,196,0.00155854
898,3262499.0488,0.280947,15,post_critical,0.888782,平静 (Equanimity),20746.58677,197,0.00159198
899,3287572.6767,0.229948,15,post_critical,0.858728,平静 (Equanimity),25073.627901,198,0.00157141
900,3312432.9919,0.236219,15,post_critical,0.896558,平静 (Equanimity),24860.315261,199,0.00156937
901,3340893.9872,0.245043,15,post_critical,0.902935,平静 (Equanimity),28460.995266,200,0.00157388
902,3370256.4422,0.185002,15,post_critical,0.900467,平静 (Equanimity),29362.454994,201,0.00158807
903,3397420.2534,0.205639,15,post_critical,0.899431,平静 (Equanimity),27163.811186,202,0.00159057
904,3424364.0509,0.196895,15,post_critical,0.887509,平静 (Equanimity),26943.797491,203,0.00157016
905,3452874.3543,0.115615,15,post_critical,0.859185,平静 (Equanimity),28510.303407,204,0.00165302
906,3479175.1802,0.26248,15,post_critical,0.870661,平静 (Equanimity),26300.825972,205,0.00164094
907,3504699.1361,0.107262,15,post_critical,0.871326,平静 (Equanimity),25523.955845,206,0.00175099
908,3530244.0803,0.302269,15,post_critical,0.872501,平静 (Equanimity),25544.944196,207,0.00177465
909,3558233.8098,0.175062,15,post_critical,0.881088,平静 (Equanimity),27989.729504,208,0.001748
910,3583332.7318,0.236116,15,post_critical,0.878907,平静 (Equanimity),25098.922025,209,0.00174954
911,3603373.4942,0.202213,15,post_critical,0.87289,平静 (Equanimity),20040.762441,210,0.00174385
912,3630635.3686,0.178665,15,post_critical,0.877665,平静 (Equanimity),27261.874351,211,0.00175267
913,3659569.5726,0.247299,15,post_critical,0.892504,平静 (Equanimity),28934.204005,212,0.00172229
914,3686132.001,0.25689,15,post_critical,0.884591,平静 (Equanimity),26562.428427,213,0.00171416
915,3715421.849,0.239038,15,post_critical,0.881818,平静 (Equanimity),29289.84796,214,0.00171645
916,3745742.0926,0.229486,15,post_critical,0.899662,平静 (Equanimity),30320.243591,215,0.00171704
917,3761377.4206,0.16591,15,post_critical,0.895738,平静 (Equanimity),15635.328031,216,0.00174536
918,3780278.1179,0.213291,15,post_critical,0.891518,平静 (Equanimity),18900.697255,217,0.00174432
919,3799806.5815,0.14696,15,post_critical,0.890679,平静 (Equanimity),19528.463647,218,0.00179513
920,3819170.8659,0.272483,15,post_critical,0.882246,平静 (Equanimity),19364.284389,219,0.00178201
921,3843101.1176,0.258362,15,post_critical,0.881825,平静 (Equanimity),23930.251687,220,0.0017928
922,3861217.3822,0.192803,15,post_critical,0.877945,平静 (Equanimity),18116.264592,221,0.00177476
923,3883350.0804,0.228819,15,post_critical,0.868145,平静 (Equanimity),22132.698192,222,0.00175895
924,3905218.465,0.218258,15,post_critical,0.889479,平静 (Equanimity),21868.384625,223,0.00174523
925,3933164.9293,0.259761,15,post_critical,0.885993,平静 (Equanimity),27946.464276,224,0.00176008
926,3965310.248,0.202038,15,post_critical,0.880492,平静 (Equanimity),32145.318732,225,0.00175307
927,3994924.0355,0.22535,15,post_critical,0.876632,平静 (Equanimity),29613.787477,226,0.00172645
928,4022416.4557,0.184487,15,post_critical,0.886495,平静 (Equanimity),27492.420216,227,0.00173912
929,4047890.4355,0.304619,15,post_critical,0.883521,平静 (Equanimity),25473.979828,228,0.00180495
930,4073978.6427,0.283598,15,post_critical,0.884117,平静 (Equanimity),26088.207178,229,0.00180373
931,4105031.2432,0.280812,15,post_critical,0.881521,平静 (Equanimity),31052.60048,230,0.00176767
932,4129141.2718,0.229844,15,post_critical,0.874581,平静 (Equanimity),24110.028578,231,0.0017593
933,4155902.9551,0.174839,15,post_critical,0.887201,平静 (Equanimity),26761.683303,232,0.00173954
934,4189788.7557,0.252573,15,post_critical,0.878456,平静 (Equanimity),33885.800676,233,0.00173566
935,4222911.2916,0.251896,15,post_critical,0.868864,平静 (Equanimity),33122.535881,234,0.00174357
936,4247383.2462,0.254371,15,post_critical,0.889202,平静 (Equanimity),24471.95453,235,0.00175276
937,4276439.211,0.203307,15,post_critical,0.874641,平静 (Equanimity),29055.96486,236,0.00166937
938,4307182.7503,0.244056,15,post_critical,0.889602,平静 (Equanimity),30743.539305,237,0.00157285
939,4342102.5666,0.190516,15,post_critical,0.884015,平静 (Equanimity),34919.816259,238,0.00156413
940,4364515.2075,0.240404,15,post_critical,0.897863,平静 (Equanimity),22412.640904,239,0.00155711
941,4387944.1331,0.255487,15,post_critical,0.896875,平静 (Equanimity),23428.925595,240,0.00152499
942,4411531.4203,0.20855,15,post_critical,0.88612,平静 (Equanimity),23587.287252,241,0.00152438
943,4446990.7218,0.190641,15,post_critical,0.860499,平静 (Equanimity),35459.301465,242,0.00147556
944,4480513.3939,0.132107,15,post_critical,0.871383,平静 (Equanimity),33522.672078,243,0.00154831
945,4505746.5494,0.199355,15,post_critical,0.878798,平静 (Equanimity),25233.155545,244,0.00154885
946,4536745.5177,0.207479,15,post_critical,0.886509,平静 (Equanimity),30998.968259,245,0.00154616
947,4569515.6032,0.186142,15,post_critical,0.891224,平静 (Equanimity),32770.085536,246,0.00154589
948,4595776.0682,0.25059,15,post_critical,0.895827,平静 (Equanimity),26260.465,247,0.00154794
949,4619270.2268,0.162506,15,post_critical,0.888602,平静 (Equanimity),23494.158598,248,0.00158592
950,4638604.0363,0.152031,15,post_critical,0.897738,平静 (Equanimity),19333.809496,249,0.00163396
951,4667399.699,0.203832,15,post_critical,0.885443,平静 (Equanimity),28795.662701,250,0.00163183
952,4695110.8342,0.132508,15,post_critical,0.867785,平静 (Equanimity),27711.135149,251,0.0016936
953,4723960.3731,0.256662,15,post_critical,0.843444,平静 (Equanimity),28849.538987,252,0.00168333
954,4757907.1912,0.231768,15,post_critical,0.882406,平静 (Equanimity),33946.818077,253,0.00165874
955,4792537.7641,0.268267,15,post_critical,0.862609,平静 (Equanimity),34630.572839,254,0.00168003
956,4826756.9344,0.229916,15,post_critical,0.840163,平静 (Equanimity),34219.170312,255,0.00167211
957,4856189.56,0.225216,15,post_critical,0.865009,平静 (Equanimity),29432.625636,256,0.00167209
958,4883994.4049,0.160212,15,post_critical,0.861703,平静 (Equanimity),27804.844928,257,0.00168466
959,4919771.9257,0.227197,15,post_critical,0.877774,平静 (Equanimity),35777.520799,258,0.00167772
960,4956721.898,0.261041,15,post_critical,0.87008,平静 (Equanimity),36949.972276,259,0.00167963
961,4981588.1617,0.174716,15,post_critical,0.87888,平静 (Equanimity),24866.263727,260,0.00170144
962,4998424.2077,0.231493,15,post_critical,0.885563,平静 (Equanimity),16836.04594,261,0.00170014
963,5017445.835,0.216581,15,post_critical,0.87485,平静 (Equanimity),19021.62732,262,0.00169404
964,5034279.1208,0.220675,15,post_critical,0.887633,平静 (Equanimity),16833.285762,263,0.00169047
965,5050133.2156,0.176176,15,post_critical,0.891034,平静 (Equanimity),15854.09488,264,0.00170995
966,5065150.4394,0.26925,15,post_critical,0.881745,平静 (Equanimity),15017.223727,265,0.00172467
967,5083187.6077,0.250379,15,post_critical,0.889069,平静 (Equanimity),18037.168319,266,0.00173276
968,5109950.0521,0.197186,15,post_critical,0.887135,平静 (Equanimity),26762.444446,267,0.00172159
969,5133483.9643,0.181485,15,post_critical,0.879739,平静 (Equanimity),23533.912212,268,0.0017323
970,5156413.6317,0.244736,15,post_critical,0.862178,平静 (Equanimity),22929.667403,269,0.0017201
971,5177311.0377,0.238051,15,post_critical,0.865398,平静 (Equanimity),20897.405903,270,0.00172233
972,5202479.8272,0.226018,15,post_critical,0.892251,平静 (Equanimity),25168.789512,271,0.00171857
973,5243244.3424,0.193215,15,post_critical,0.873031,平静 (Equanimity),40764.515283,272,0.00168798
974,5280220.0367,0.233332,15,post_critical,0.866592,平静 (Equanimity),36975.694261,273,0.00164302
975,5321111.8911,0.262105,15,post_critical,0.872313,平静 (Equanimity),40891.85439,274,0.00162663
976,5354798.4603,0.244519,15,post_critical,0.865761,平静 (Equanimity),33686.569229,275,0.00162138
977,5396157.0732,0.221901,15,post_critical,0.865384,平静 (Equanimity),41358.61287,276,0.00160524
978,5434523.033,0.196113,15,post_critical,0.883459,平静 (Equanimity),38365.959816,277,0.00161054
979,5475984.6505,0.188141,15,post_critical,0.886282,平静 (Equanimity),41461.617522,278,0.00161271
980,5519353.1781,0.270386,15,post_critical,0.882293,平静 (Equanimity),43368.52758,279,0.00159948
981,5562635.2084,0.166595,15,post_critical,0.872237,平静 (Equanimity),43282.030264,280,0.00162317
982,5606445.4671,0.24132,15,post_critical,0.864284,平静 (Equanimity),43810.258741,281,0.00161609
983,5649534.0888,0.217414,15,post_critical,0.883329,平静 (Equanimity),43088.621656,282,0.00161403
984,5695624.5121,0.242987,15,post_critical,0.884645,平静 (Equanimity),46090.423321,283,0.00158242
985,5742288.2521,0.270512,15,post_critical,0.894099,平静 (Equanimity),46663.739988,284,0.00160505
986,5790854.8222,0.200108,15,post_critical,0.890131,平静 (Equanimity),48566.570068,285,0.00160108
987,5839167.8085,0.218794,15,post_critical,0.874089,平静 (Equanimity),48312.986355,286,0.00160072
988,5882993.2711,0.1526,15,post_critical,0.863772,平静 (Equanimity),43825.462618,287,0.00161632
989,5926602.5599,0.200057,15,post_critical,0.884452,平静 (Equanimity),43609.288787,288,0.00160447
990,5966355.9381,0.156556,15,post_critical,0.880962,平静 (Equanimity),39753.37815,289,0.00164046
991,6005183.5239,0.250161,15,post_critical,0.891731,平静 (Equanimity),38827.58586,290,0.00162983
992,6029868.8489,0.227343,15,post_critical,0.891969,平静 (Equanimity),24685.324977,291,0.0016271
993,6080295.7433,0.230503,15,post_critical,0.891663,平静 (Equanimity),50426.894381,292,0.00162843
994,6113365.6214,0.220684,15,post_critical,0.893964,平静 (Equanimity),33069.878075,293,0.00160272
995,6145990.9108,0.193893,15,post_critical,0.882598,平静 (Equanimity),32625.289466,294,0.00158626
996,6184512.152,0.192294,15,post_critical,0.870429,平静 (Equanimity),38521.24117,295,0.00158172
997,6217260.9416,0.2167,15,post_critical,0.880948,平静 (Equanimity),32748.789639,296,0.0015811
998,6248426.3306,0.14851,15,post_critical,0.871778,平静 (Equanimity),31165.388995,297,0.00158769
999,6272901.3379,0.214398,15,post_critical,0.892456,平静 (Equanimity),24475.007248,298,0.00158592
1000,6304366.4379,0.21778,15,post_critical,0.875381,平静 (Equanimity),31465.100026,299,0.00158198
1001,6334270.3955,0.082426,15,post_critical,0.878494,平静 (Equanimity),29903.957592,300,0.00175002
1002,6360084.6279,0.174608,15,post_critical,0.871528,平静 (Equanimity),25814.232378,301,0.00175724
1003,6382804.8372,0.203415,15,post_critical,0.872862,平静 (Equanimity),22720.209303,302,0.00175768
1004,6409491.8246,0.210397,15,post_critical,0.868987,平静 (Equanimity),26686.987468,303,0.00175474
1005,6444822.759,0.196744,15,post_critical,0.884776,平静 (Equanimity),35330.934372,304,0.00165929
1006,6497501.24,0.202252,15,post_critical,0.873857,平静 (Equanimity),52678.480964,305,0.0016385
1007,6538912.482,0.210257,15,post_critical,0.869001,平静 (Equanimity),41411.241987,306,0.00152199
1008,6576580.3728,0.166613,15,post_critical,0.893505,平静 (Equanimity),37667.890863,307,0.00146968
1009,6631211.205,0.192248,15,post_critical,0.895209,平静 (Equanimity),54630.832175,308,0.00145905
1010,6681673.7004,0.203728,15,post_critical,0.881359,平静 (Equanimity),50462.495373,309,0.00145553
1011,6726171.7175,0.189603,15,post_critical,0.886425,平静 (Equanimity),44498.017087,310,0.00146016
1012,6770820.7588,0.274024,15,post_critical,0.874211,平静 (Equanimity),44649.041318,311,0.00148241
1013,6817824.0538,0.234456,15,post_critical,0.881552,平静 (Equanimity),47003.295036,312,0.00147579
1014,6867028.2532,0.165962,15,post_critical,0.859138,平静 (Equanimity),49204.199385,313,0.00148151
1015,6907788.8558,0.239568,15,post_critical,0.864461,平静 (Equanimity),40760.602636,314,0.00148178
1016,6954320.003,0.225267,15,post_critical,0.89132,平静 (Equanimity),46531.147175,315,0.00148066
1017,6999682.878,0.225167,15,post_critical,0.900113,平静 (Equanimity),45362.875034,316,0.00145833
1018,7057808.0451,0.262491,15,post_critical,0.886327,平静 (Equanimity),58125.167032,317,0.00148094
1019,7114479.9918,0.161803,15,post_critical,0.903701,平静 (Equanimity),56671.946738,318,0.00146287
1020,7172498.9454,0.206722,15,post_critical,0.878805,平静 (Equanimity),58018.95358,319,0.00143049
1021,7209284.4746,0.212952,15,post_critical,0.888161,平静 (Equanimity),36785.529158,320,0.00141121
1022,7248140.7633,0.28008,15,post_critical,0.882217,平静 (Equanimity),38856.288744,321,0.00144927
1023,7298003.9731,0.23003,15,post_critical,0.887368,平静 (Equanimity),49863.209806,322,0.00144962
1024,7357617.9492,0.211953,15,post_critical,0.879878,平静 (Equanimity),59613.976052,323,0.00144961
1025,7414535.4157,0.252979,15,post_critical,0.866907,平静 (Equanimity),56917.466575,324,0.001444
1026,7468234.4513,0.202691,15,post_critical,0.878461,平静 (Equanimity),53699.035597,325,0.00144383
1027,7500063.7291,0.235174,15,post_critical,0.852919,平静 (Equanimity),31829.277734,326,0.00144683
1028,7526638.4006,0.229441,15,post_critical,0.890913,平静 (Equanimity),26574.671521,327,0.00143935
1029,7569681.6671,0.244708,15,post_critical,0.857954,平静 (Equanimity),43043.266472,328,0.00136811
1030,7617144.0589,0.18583,15,post_critical,0.883545,平静 (Equanimity),47462.391865,329,0.00132843
1031,7673438.0653,0.263321,15,post_critical,0.855976,平静 (Equanimity),56294.006335,330,0.00130807
1032,7702896.5454,0.294992,15,post_critical,0.871207,平静 (Equanimity),29458.480157,331,0.00137104
1033,7757513.6823,0.320339,15,post_critical,0.883697,平静 (Equanimity),54617.136848,332,0.00146548
1034,7814371.0102,0.281616,15,post_critical,0.89626,平静 (Equanimity),56857.327892,333,0.00149515
1035,7866036.0498,0.228374,15,post_critical,0.886548,平静 (Equanimity),51665.039678,334,0.00148381
1036,7923639.0802,0.286161,15,post_critical,0.851594,平静 (Equanimity),57603.03039,335,0.00151827
1037,7969084.1332,0.240897,15,post_critical,0.875723,平静 (Equanimity),45445.052959,336,0.00152253
1038,8016574.0389,0.212895,15,post_critical,0.881388,平静 (Equanimity),47489.905717,337,0.00151504
1039,8076230.6348,0.317821,15,post_critical,0.900577,平静 (Equanimity),59656.595871,338,0.00160983
1040,8137826.5011,0.230758,15,post_critical,0.881219,平静 (Equanimity),61595.866346,339,0.00160635
1041,8179404.2894,0.22055,15,post_critical,0.861447,平静 (Equanimity),41577.788257,340,0.00159188
1042,8211711.8346,0.255033,15,post_critical,0.868514,平静 (Equanimity),32307.545258,341,0.00160529
1043,8244027.6611,0.193564,15,post_critical,0.876622,平静 (Equanimity),32315.82651,342,0.0016038
1044,8275642.0202,0.274092,15,post_critical,0.876467,平静 (Equanimity),31614.359063,343,0.00156054
1045,8317652.7262,0.254117,15,post_critical,0.867472,平静 (Equanimity),42010.706024,344,0.00156866
1046,8380137.4284,0.215521,15,post_critical,0.884591,平静 (Equanimity),62484.702209,345,0.00156736
1047,8446567.2034,0.219502,15,post_critical,0.888333,平静 (Equanimity),66429.774943,346,0.001556
1048,8509809.0684,0.254302,15,post_critical,0.903565,平静 (Equanimity),63241.865004,347,0.00155841
1049,8560712.8023,0.126892,15,post_critical,0.884032,平静 (Equanimity),50903.733935,348,0.00161195
1050,8595962.9682,0.155819,15,post_critical,0.893307,平静 (Equanimity),35250.165866,349,0.00160696
1051,8631029.0141,0.21426,15,post_critical,0.884479,平静 (Equanimity),35066.045947,350,0.00160473
1052,8671770.4417,0.192409,15,post_critical,0.895217,平静 (Equanimity),40741.42759,351,0.00153564
1053,8719665.342,0.275812,15,post_critical,0.88615,平静 (Equanimity),47894.900277,352,0.00155315
1054,8788107.7411,0.178832,15,post_critical,0.872621,平静 (Equanimity),68442.399064,353,0.00156909
1055,8845288.7057,0.194455,15,post_critical,0.868836,平静 (Equanimity),57180.964677,354,0.0015519
1056,8900934.4336,0.204184,15,post_critical,0.876949,平静 (Equanimity),55645.727815,355,0.00155302
1057,8967753.1014,0.218235,15,post_critical,0.875934,平静 (Equanimity),66818.667813,356,0.00155265
1058,9038924.8882,0.222518,15,post_critical,0.89665,平静 (Equanimity),71171.786839,357,0.00151779
1059,9115773.0131,0.205358,15,post_critical,0.894838,平静 (Equanimity),76848.12492,358,0.00151922
1060,9192781.8521,0.225926,15,post_critical,0.887733,平静 (Equanimity),77008.838929,359,0.0015022
1061,9268580.4522,0.254315,15,post_critical,0.874652,平静 (Equanimity),75798.60016,360,0.0014943
1062,9335133.8524,0.239819,15,post_critical,0.886533,平静 (Equanimity),66553.400182,361,0.00149692
1063,9395621.7517,0.252631,15,post_critical,0.885766,平静 (Equanimity),60487.899328,362,0.00150736
1064,9436908.0067,0.18559,15,post_critical,0.872934,平静 (Equanimity),41286.255016,363,0.00151929
1065,9488163.4833,0.13699,15,post_critical,0.867728,平静 (Equanimity),51255.476563,364,0.00156881
1066,9553368.6479,0.251834,15,post_critical,0.886755,平静 (Equanimity),65205.164625,365,0.00155451
1067,9631864.9344,0.137175,15,post_critical,0.890629,平静 (Equanimity),78496.286476,366,0.00161125
1068,9701001.4816,0.152236,15,post_critical,0.883282,平静 (Equanimity),69136.547159,367,0.0016502
1069,9731815.2737,0.220506,15,post_critical,0.870702,平静 (Equanimity),30813.792173,368,0.00163692
1070,9767006.4327,0.247718,15,post_critical,0.884003,平静 (Equanimity),35191.158999,369,0.00163859
1071,9809932.7845,0.286092,15,post_critical,0.892457,平静 (Equanimity),42926.351772,370,0.00168048
1072,9865475.5891,0.190445,15,post_critical,0.875339,平静 (Equanimity),55542.804628,371,0.00168781
1073,9900877.3381,0.228126,15,post_critical,0.896092,平静 (Equanimity),35401.748919,372,0.00168232
1074,9948436.1222,0.229848,15,post_critical,0.88981,平静 (Equanimity),47558.784151,373,0.00168142
1075,10019516.1949,0.158967,15,post_critical,0.87145,平静 (Equanimity),71080.072738,374,0.00169715
1076,10092752.7257,0.292898,15,post_critical,0.874237,平静 (Equanimity),73236.530736,375,0.00174632
1077,10154625.8339,0.216374,15,post_critical,0.897496,平静 (Equanimity),61873.108179,376,0.00174621
1078,10209480.5052,0.276105,15,post_critical,0.886318,平静 (Equanimity),54854.671307,377,0.00177442
1079,10264368.9972,0.152358,15,post_critical,0.881574,平静 (Equanimity),54888.492011,378,0.00180909
1080,10316916.5139,0.265872,15,post_critical,0.86177,平静 (Equanimity),52547.516691,379,0.00180461
1081,10372194.792,0.227317,15,post_critical,0.879887,平静 (Equanimity),55278.278148,380,0.00177811
1082,10443412.6469,0.293187,15,post_critical,0.865647,平静 (Equanimity),71217.854891,381,0.00182782
1083,10511313.8987,0.211626,15,post_critical,0.881295,平静 (Equanimity),67901.25182,382,0.0018284
1084,10582653.6726,0.250887,15,post_critical,0.860361,平静 (Equanimity),71339.773912,383,0.00183272
1085,10645419.0827,0.232439,15,post_critical,0.871791,平静 (Equanimity),62765.410109,384,0.00180832
1086,10725684.6104,0.159064,15,post_critical,0.898229,平静 (Equanimity),80265.527649,385,0.0018407
1087,10798569.1018,0.30685,15,post_critical,0.898125,平静 (Equanimity),72884.491409,386,0.0019174
1088,10860199.8332,0.232643,15,post_critical,0.871683,平静 (Equanimity),61630.731446,387,0.0018734
1089,10919548.7604,0.30986,15,post_critical,0.878226,平静 (Equanimity),59348.927171,388,0.00194785
1090,11001808.4605,0.231447,15,post_critical,0.892188,平静 (Equanimity),82259.70007,389,0.00190594
1091,11090865.0814,0.153776,15,post_critical,0.841613,平静 (Equanimity),89056.620943,390,0.00194431
1092,11168838.1181,0.239714,15,post_critical,0.865583,平静 (Equanimity),77973.036634,391,0.0019473
1093,11251905.4747,0.21951,15,post_critical,0.893283,平静 (Equanimity),83067.356633,392,0.00194652
1094,11317984.3075,0.214392,15,post_critical,0.874579,平静 (Equanimity),66078.832788,393,0.001947
1095,11395907.0859,0.295853,15,post_critical,0.886064,平静 (Equanimity),77922.778382,394,0.00199394
1096,11489234.8544,0.237277,15,post_critical,0.868066,平静 (Equanimity),93327.768522,395,0.00198692
1097,11554924.7844,0.235043,15,post_critical,0.844736,平静 (Equanimity),65689.92998,396,0.00198801
1098,11613876.6025,0.157722,15,post_critical,0.886593,平静 (Equanimity),58951.818169,397,0.00197513
1099,11705095.5324,0.240525,15,post_critical,0.886864,平静 (Equanimity),91218.92982,398,0.00197735
1100,11760653.6025,0.243592,15,post_critical,0.888128,平静 (Equanimity),55558.070115,399,0.00198107
1101,11854327.8319,0.267278,15,post_critical,0.881107,平静 (Equanimity),93674.229378,400,0.0017974
1102,11929395.6456,0.237828,15,post_critical,0.884234,平静 (Equanimity),75067.8137,401,0.00177267
1103,12026115.4924,0.265207,15,post_critical,0.885378,平静 (Equanimity),96719.846857,402,0.00178245
1104,12120928.3764,0.195843,15,post_critical,0.881334,平静 (Equanimity),94812.883948,403,0.0017893
1105,12200664.673,0.225538,15,post_critical,0.889439,平静 (Equanimity),79736.296656,404,0.00178034
1106,12294435.8753,0.217907,15,post_critical,0.88229,平静 (Equanimity),93771.202328,405,0.00177506
1107,12393843.3203,0.234444,15,post_critical,0.871224,平静 (Equanimity),99407.444958,406,0.00177275
1108,12485704.8049,0.152806,15,post_critical,0.879635,平静 (Equanimity),91861.484593,407,0.00179138
1109,12584293.2133,0.202215,15,post_critical,0.892005,平静 (Equanimity),98588.408432,408,0.00178541
1110,12653506.9712,0.176096,15,post_critical,0.888795,平静 (Equanimity),69213.757853,409,0.00180595
1111,12750407.9901,0.220439,15,post_critical,0.88419,平静 (Equanimity),96901.018953,410,0.00179234
1112,12842360.1243,0.215249,15,post_critical,0.891339,平静 (Equanimity),91952.134178,411,0.00177155
1113,12949351.7338,0.19378,15,post_critical,0.895712,平静 (Equanimity),106991.609524,412,0.00178158
1114,13058869.0032,0.26772,15,post_critical,0.879002,平静 (Equanimity),109517.269415,413,0.0017614
1115,13163311.518,0.209125,15,post_critical,0.865148,平静 (Equanimity),104442.514706,414,0.00176309
1116,13249050.9834,0.207502,15,post_critical,0.870965,平静 (Equanimity),85739.46547,415,0.00176681
1117,13352357.8143,0.27593,15,post_critical,0.876914,平静 (Equanimity),103306.830846,416,0.00179068
1118,13458261.589,0.260328,15,post_critical,0.86647,平静 (Equanimity),105903.774683,417,0.00178921
1119,13561754.2409,0.331447,15,post_critical,0.88089,平静 (Equanimity),103492.65198,418,0.00185201
1120,13656576.7784,0.27046,15,post_critical,0.862462,平静 (Equanimity),94822.537427,419,0.00186387
1121,13722870.9482,0.203599,15,post_critical,0.860404,平静 (Equanimity),66294.169865,420,0.00186785
1122,13792661.5233,0.247033,15,post_critical,0.884757,平静 (Equanimity),69790.575039,421,0.00184524
1123,13846632.2984,0.209844,15,post_critical,0.897552,平静 (Equanimity),53970.775184,422,0.00184893
1124,13901155.269,0.275534,15,post_critical,0.884665,平静 (Equanimity),54522.97053,423,0.0018673
1125,13952673.2531,0.184605,15,post_critical,0.887623,平静 (Equanimity),51517.984092,424,0.00188163
1126,14018073.1011,0.216455,15,post_critical,0.883224,平静 (Equanimity),65399.84803,425,0.00187628
1127,14092532.0503,0.202745,15,post_critical,0.884924,平静 (Equanimity),74458.949202,426,0.00188273
1128,14203604.0652,0.247415,15,post_critical,0.87969,平静 (Equanimity),111072.014921,427,0.00188618
1129,14315814.0869,0.155717,15,post_critical,0.876645,平静 (Equanimity),112210.021659,428,0.00193649
1130,14429405.7548,0.261818,15,post_critical,0.880339,平静 (Equanimity),113591.667882,429,0.00192952
1131,14545256.3959,0.227234,15,post_critical,0.895505,平静 (Equanimity),115850.641118,430,0.00191749
1132,14668119.198,0.270856,15,post_critical,0.883578,平静 (Equanimity),122862.802078,431,0.00189112
1133,14787125.1583,0.238772,15,post_critical,0.857438,平静 (Equanimity),119005.960311,432,0.00180666
1134,14897760.9231,0.292778,15,post_critical,0.889932,平静 (Equanimity),110635.764817,433,0.00182
1135,15021205.2227,0.170499,15,post_critical,0.891819,平静 (Equanimity),123444.299619,434,0.00185213
1136,15146469.1872,0.282371,15,post_critical,0.877174,平静 (Equanimity),125263.964481,435,0.00184778
1137,15265735.0219,0.215073,15,post_critical,0.896349,平静 (Equanimity),119265.834672,436,0.00184714
1138,15395038.8824,0.270048,15,post_critical,0.872593,平静 (Equanimity),129303.860592,437,0.0018638
1139,15515611.0718,0.203813,15,post_critical,0.885784,平静 (Equanimity),120572.189306,438,0.00178581
1140,15631786.6522,0.204102,15,post_critical,0.867367,平静 (Equanimity),116175.580458,439,0.00179033
1141,15740699.805,0.227108,15,post_critical,0.874766,平静 (Equanimity),108913.15274,440,0.00179007
1142,15852697.6851,0.301286,15,post_critical,0.855914,平静 (Equanimity),111997.880133,441,0.00183825
1143,15937001.9666,0.206589,15,post_critical,0.869477,平静 (Equanimity),84304.281509,442,0.0018314
1144,16025914.8418,0.265223,15,post_critical,0.88444,平静 (Equanimity),88912.875225,443,0.00182373
1145,16133364.3205,0.285304,15,post_critical,0.89234,平静 (Equanimity),107449.478722,444,0.00185068
1146,16258224.6585,0.161512,15,post_critical,0.872189,平静 (Equanimity),124860.337961,445,0.00189159
1147,16384464.7815,0.263375,15,post_critical,0.876281,平静 (Equanimity),126240.122974,446,0.00190484
1148,16513343.4993,0.225625,15,post_critical,0.86789,平静 (Equanimity),128878.717846,447,0.00189707
1149,16638922.2919,0.235432,15,post_critical,0.877724,平静 (Equanimity),125578.79261,448,0.00179797
1150,16682081.6504,0.256469,15,post_critical,0.888433,平静 (Equanimity),43159.358492,449,0.00175426
1151,16731839.6266,0.210974,15,post_critical,0.87828,平静 (Equanimity),49757.976217,450,0.0017553
1152,16785430.4871,0.261247,15,post_critical,0.86471,平静 (Equanimity),53590.8605,451,0.00175276
1153,16862680.5007,0.232952,15,post_critical,0.894088,平静 (Equanimity),77250.013541,452,0.00173083
1154,16997683.2694,0.281275,15,post_critical,0.897524,平静 (Equanimity),135002.768715,453,0.00173279
1155,17135501.0877,0.184318,15,post_critical,0.888589,平静 (Equanimity),137817.818307,454,0.00174093
1156,17229217.4867,0.239935,15,post_critical,0.862771,平静 (Equanimity),93716.398966,455,0.00173548
1157,17293100.3594,0.217776,15,post_critical,0.87439,平静 (Equanimity),63882.872727,456,0.00173559
1158,17345907.0429,0.257522,15,post_critical,0.88538,平静 (Equanimity),52806.683524,457,0.00174257
1159,17404830.0729,0.228509,15,post_critical,0.8788,平静 (Equanimity),58923.030025,458,0.00173637
1160,17485994.2734,0.201846,15,post_critical,0.888692,平静 (Equanimity),81164.200466,459,0.00174429
1161,17574001.1756,0.251142,15,post_critical,0.88402,平静 (Equanimity),88006.902229,460,0.00174286
1162,17715767.637,0.231296,15,post_critical,0.880995,平静 (Equanimity),141766.46135,461,0.00174193
1163,17846138.8161,0.173345,15,post_critical,0.869158,平静 (Equanimity),130371.179143,462,0.00176842
1164,17941843.8611,0.220531,15,post_critical,0.893238,平静 (Equanimity),95705.04498,463,0.00174996
1165,18044946.164,0.3179,15,post_critical,0.881723,平静 (Equanimity),103102.302882,464,0.00173874
1166,18117615.0295,0.182121,15,post_critical,0.895479,平静 (Equanimity),72668.865549,465,0.00175843
1167,18207854.8932,0.197157,15,post_critical,0.899916,平静 (Equanimity),90239.86362,466,0.00168179
1168,18293866.4124,0.288075,15,post_critical,0.869751,平静 (Equanimity),86011.519206,467,0.00164952
1169,18385213.2624,0.224257,15,post_critical,0.90082,平静 (Equanimity),91346.850044,468,0.00164874
1170,18519771.265,0.238042,15,post_critical,0.891265,平静 (Equanimity),134558.00261,469,0.00164677
1171,18599641.5321,0.151654,15,post_critical,0.887125,平静 (Equanimity),79870.267044,470,0.00168202
1172,18660851.1967,0.235806,15,post_critical,0.869208,平静 (Equanimity),61209.664667,471,0.00166531
1173,18723147.4686,0.166377,15,post_critical,0.882601,平静 (Equanimity),62296.271901,472,0.00170755
1174,18782550.574,0.236277,15,post_critical,0.854665,平静 (Equanimity),59403.10534,473,0.0017078
1175,18847029.3458,0.252754,15,post_critical,0.892442,平静 (Equanimity),64478.771783,474,0.00165937
1176,18941650.6483,0.188937,15,post_critical,0.896606,平静 (Equanimity),94621.302519,475,0.00164005
1177,19076387.1332,0.215993,15,post_critical,0.866848,平静 (Equanimity),134736.484905,476,0.00164017
1178,19157356.2354,0.218015,15,post_critical,0.885628,平静 (Equanimity),80969.102221,477,0.00162129
1179,19244822.343,0.314316,15,post_critical,0.888973,平静 (Equanimity),87466.107606,478,0.00162778
1180,19350284.8382,0.185563,15,post_critical,0.835927,平静 (Equanimity),105462.495163,479,0.00163746
1181,19432649.1151,0.156599,15,post_critical,0.857636,平静 (Equanimity),82364.276918,480,0.00169266
1182,19542921.3567,0.207158,15,post_critical,0.866608,平静 (Equanimity),110272.241565,481,0.0016583
1183,19688923.445,0.299524,15,post_critical,0.890275,平静 (Equanimity),146002.088328,482,0.00170289
1184,19764704.0924,0.194791,15,post_critical,0.873249,平静 (Equanimity),75780.647435,483,0.00171134
1185,19845227.3741,0.19861,15,post_critical,0.897309,平静 (Equanimity),80523.281674,484,0.00172108
1186,19945689.9301,0.27015,15,post_critical,0.880723,平静 (Equanimity),100462.555961,485,0.00168619
1187,20026619.0622,0.18504,15,post_critical,0.859414,平静 (Equanimity),80929.132178,486,0.00164797
1188,20120379.9777,0.189342,15,post_critical,0.871355,平静 (Equanimity),93760.915516,487,0.00166394
1189,20246541.5028,0.257553,15,post_critical,0.888759,平静 (Equanimity),126161.525077,488,0.00160665
1190,20409098.5299,0.194429,15,post_critical,0.88624,平静 (Equanimity),162557.027053,489,0.00161818
1191,20575411.8659,0.234942,15,post_critical,0.888301,平静 (Equanimity),166313.336021,490,0.00156239
1192,20676297.9153,0.214113,15,post_critical,0.904317,平静 (Equanimity),100886.049367,491,0.00156346
1193,20790836.4611,0.140175,15,post_critical,0.880828,平静 (Equanimity),114538.545841,492,0.00164063
1194,20950729.3618,0.270462,15,post_critical,0.874007,平静 (Equanimity),159892.900734,493,0.0016564
1195,21115199.3313,0.206995,15,post_critical,0.853098,平静 (Equanimity),164469.969434,494,0.00161513
1196,21209083.7016,0.179878,15,post_critical,0.874822,平静 (Equanimity),93884.37032,495,0.00163681
1197,21290884.0333,0.249375,15,post_critical,0.875328,平静 (Equanimity),81800.331661,496,0.0016411
1198,21398184.7947,0.203075,15,post_critical,0.870231,平静 (Equanimity),107300.761447,497,0.00159833
1199,21531617.6619,0.283274,15,post_critical,0.874581,平静 (Equanimity),133432.867179,498,0.00162732
1200,21689247.5321,0.146526,15,post_critical,0.861971,平静 (Equanimity),157629.870184,499,0.00169072
1201,21798146.26,0.231621,15,post_critical,0.85456,平静 (Equanimity),108898.727966,500,0.00167475
1202,21913203.0125,0.204712,15,post_critical,0.875113,平静 (Equanimity),115056.752438,501,0.00167836
1203,22061195.6924,0.250362,15,post_critical,0.89211,平静 (Equanimity),147992.679888,502,0.00166906
1204,22215915.4448,0.178486,15,post_critical,0.875438,平静 (Equanimity),154719.752407,503,0.00168265
1205,22390496.172,0.130155,15,post_critical,0.872001,平静 (Equanimity),174580.727206,504,0.00177402
1206,22565259.5867,0.187316,15,post_critical,0.902143,平静 (Equanimity),174763.414713,505,0.00178779
1207,22679630.4035,0.288731,15,post_critical,0.894804,平静 (Equanimity),114370.816777,506,0.00182726
1208,22827852.7585,0.260755,15,post_critical,0.898853,平静 (Equanimity),148222.355042,507,0.00178567
1209,22954642.2885,0.149812,15,post_critical,0.866834,平静 (Equanimity),126789.52996,508,0.0018384
1210,23044867.156,0.192378,15,post_critical,0.873563,平静 (Equanimity),90224.867573,509,0.00182475
1211,23137564.1819,0.216167,15,post_critical,0.883542,平静 (Equanimity),92697.025859,510,0.00182543
1212,23250922.3914,0.174941,15,post_critical,0.867733,平静 (Equanimity),113358.209533,511,0.00185033
1213,23401979.2243,0.205897,15,post_critical,0.875558,平静 (Equanimity),151056.832866,512,0.00184403
1214,23543318.9682,0.160139,15,post_critical,0.886431,平静 (Equanimity),141339.743947,513,0.00186862
1215,23694395.4128,0.13371,15,post_critical,0.891626,平静 (Equanimity),151076.444509,514,0.00194861
1216,23879570.7784,0.159411,15,post_critical,0.898719,平静 (Equanimity),185175.365647,515,0.00198744
1217,24025827.105,0.255427,15,post_critical,0.888709,平静 (Equanimity),146256.326608,516,0.00197014
1218,24132098.4223,0.180228,15,post_critical,0.880633,平静 (Equanimity),106271.317267,517,0.00197447
1219,24234859.205,0.248044,15,post_critical,0.877366,平静 (Equanimity),102760.782752,518,0.00186175
1220,24384025.7747,0.227608,15,post_critical,0.896612,平静 (Equanimity),149166.569637,519,0.00183818
1221,24538809.9504,0.226067,15,post_critical,0.886973,平静 (Equanimity),154784.175775,520,0.00183521
1222,24739803.3556,0.318339,15,post_critical,0.861659,平静 (Equanimity),200993.405142,521,0.0019219
1223,24926919.1153,0.199805,15,post_critical,0.862098,平静 (Equanimity),187115.759762,522,0.00192539
1224,25108907.8045,0.190724,15,post_critical,0.887027,平静 (Equanimity),181988.689115,523,0.00190606
1225,25239840.3125,0.165485,15,post_critical,0.878253,平静 (Equanimity),130932.508011,524,0.00192372
1226,25412522.0353,0.246846,15,post_critical,0.894014,平静 (Equanimity),172681.722789,525,0.00193003
1227,25562002.9429,0.25129,15,post_critical,0.898118,平静 (Equanimity),149480.907596,526,0.00193522
1228,25684761.8879,0.238424,15,post_critical,0.897478,平静 (Equanimity),122758.945079,527,0.00193144
1229,25827607.2453,0.35325,15,post_critical,0.881809,平静 (Equanimity),142845.357322,528,0.00205658
1230,25923412.0545,0.188077,15,post_critical,0.872669,平静 (Equanimity),95804.80929,529,0.00205434
1231,26030799.5783,0.209641,15,post_critical,0.876402,平静 (Equanimity),107387.523776,530,0.00205593
1232,26112887.4819,0.300892,15,post_critical,0.878147,平静 (Equanimity),82087.903627,531,0.00209368
1233,26198704.1737,0.17544,15,post_critical,0.868722,平静 (Equanimity),85816.691804,532,0.00211364
1234,26274085.3188,0.190797,15,post_critical,0.863572,平静 (Equanimity),75381.145014,533,0.00207336
1235,26357621.8485,0.164512,15,post_critical,0.851053,平静 (Equanimity),83536.529758,534,0.00207982
1236,26442868.4115,0.180179,15,post_critical,0.879803,平静 (Equanimity),85246.562932,535,0.00205874
1237,26544230.6289,0.212145,15,post_critical,0.877704,平静 (Equanimity),101362.21748,536,0.00205914
1238,26646991.3522,0.185358,15,post_critical,0.868863,平静 (Equanimity),102760.723271,537,0.00204608
1239,26774226.7368,0.166146,15,post_critical,0.892206,平静 (Equanimity),127235.384643,538,0.00207199
1240,26911896.6567,0.273628,15,post_critical,0.892283,平静 (Equanimity),137669.919846,539,0.00209886
1241,27111357.6575,0.199905,15,post_critical,0.885928,平静 (Equanimity),199461.000777,540,0.00210226
1242,27275714.2275,0.190914,15,post_critical,0.878637,平静 (Equanimity),164356.569991,541,0.00204258
1243,27479513.58,0.255639,15,post_critical,0.875005,平静 (Equanimity),203799.352582,542,0.0020547
1244,27621692.5727,0.180439,15,post_critical,0.862049,平静 (Equanimity),142178.992658,543,0.00204749
1245,27756544.6207,0.137407,15,post_critical,0.868893,平静 (Equanimity),134852.048019,544,0.00206542
1246,27943438.6652,0.178594,15,post_critical,0.886674,平静 (Equanimity),186894.044479,545,0.00204946
1247,28118197.2291,0.225837,15,post_critical,0.875145,平静 (Equanimity),174758.563894,546,0.00202848
1248,28295992.9712,0.241294,15,post_critical,0.862429,平静 (Equanimity),177795.742125,547,0.00203378
1249,28486275.4937,0.223231,15,post_critical,0.858054,平静 (Equanimity),190282.52245,548,0.00203066
1250,28699361.2839,0.242987,15,post_critical,0.866188,平静 (Equanimity),213085.790229,549,0.00202169
1251,28919328.1823,0.237482,15,post_critical,0.87307,平静 (Equanimity),219966.898395,550,0.00202578
1252,29141146.4464,0.171597,15,post_critical,0.883753,平静 (Equanimity),221818.264118,551,0.00202536
1253,29337504.906,0.207896,15,post_critical,0.883899,平静 (Equanimity),196358.459552,552,0.00202295
1254,29546256.3776,0.269186,15,post_critical,0.87686,平静 (Equanimity),208751.471615,553,0.00200849
1255,29675699.1629,0.189191,15,post_critical,0.873527,平静 (Equanimity),129442.785314,554,0.0020057
1256,29866883.5091,0.195027,15,post_critical,0.891076,平静 (Equanimity),191184.346163,555,0.00200365
1257,30092656.4065,0.202038,15,post_critical,0.882633,平静 (Equanimity),225772.897411,556,0.00200522
1258,30245899.9067,0.188759,15,post_critical,0.889375,平静 (Equanimity),153243.500239,557,0.00199329
1259,30475232.3068,0.19815,15,post_critical,0.887349,平静 (Equanimity),229332.400046,558,0.00199368
1260,30591081.3416,0.23056,15,post_critical,0.883712,平静 (Equanimity),115849.034841,559,0.00199496
1261,30700428.6812,0.257833,15,post_critical,0.884925,平静 (Equanimity),109347.339572,560,0.00200036
1262,30830563.9419,0.231506,15,post_critical,0.871437,平静 (Equanimity),130135.260709,561,0.00200044
1263,30897477.2592,0.22248,15,post_critical,0.868485,平静 (Equanimity),66913.317304,562,0.00198421
1264,30980651.3479,0.213959,15,post_critical,0.867566,平静 (Equanimity),83174.088755,563,0.00198387
1265,31084806.9688,0.231986,15,post_critical,0.880924,平静 (Equanimity),104155.62089,564,0.00187945
1266,31221172.6384,0.201475,15,post_critical,0.891177,平静 (Equanimity),136365.66954,565,0.00187092
1267,31414133.9092,0.205566,15,post_critical,0.879141,平静 (Equanimity),192961.270836,566,0.00186879
1268,31560813.5952,0.250587,15,post_critical,0.867275,平静 (Equanimity),146679.686024,567,0.00182718
1269,31711221.3791,0.231997,15,post_critical,0.878097,平静 (Equanimity),150407.783843,568,0.00182942
1270,31909805.2957,0.200498,15,post_critical,0.881744,平静 (Equanimity),198583.916643,569,0.00182511
1271,32095371.5607,0.165435,15,post_critical,0.889909,平静 (Equanimity),185566.265007,570,0.00180999
1272,32360696.9672,0.268102,15,post_critical,0.892207,平静 (Equanimity),265325.406442,571,0.00183473
1273,32630310.1287,0.238749,15,post_critical,0.88499,平静 (Equanimity),269613.161566,572,0.00181793
1274,32863791.5171,0.257195,15,post_critical,0.869003,平静 (Equanimity),233481.388338,573,0.00183136
1275,33110266.8091,0.21091,15,post_critical,0.861652,平静 (Equanimity),246475.292012,574,0.00181688
1276,33337477.7485,0.221278,15,post_critical,0.843071,平静 (Equanimity),227210.939454,575,0.00181082
1277,33575294.7326,0.238151,15,post_critical,0.865981,平静 (Equanimity),237816.984028,576,0.00181628
1278,33822091.9047,0.211938,15,post_critical,0.878242,平静 (Equanimity),246797.172099,577,0.00181626
1279,34087686.8854,0.254774,15,post_critical,0.851455,平静 (Equanimity),265594.980735,578,0.00173286
1280,34333824.2139,0.307425,15,post_critical,0.868977,平静 (Equanimity),246137.328525,579,0.00181005
1281,34553339.1892,0.189907,15,post_critical,0.863882,平静 (Equanimity),219514.975273,580,0.00178185
1282,34789053.1069,0.244639,15,post_critical,0.885052,平静 (Equanimity),235713.917733,581,0.0017893
1283,35054162.9709,0.212985,15,post_critical,0.86964,平静 (Equanimity),265109.863994,582,0.00171912
1284,35316375.797,0.192843,15,post_critical,0.888242,平静 (Equanimity),262212.82612,583,0.00171996
1285,35606639.2923,0.20815,15,post_critical,0.907726,平静 (Equanimity),290263.495287,584,0.00171768
1286,35920177.249,0.179468,15,post_critical,0.889122,平静 (Equanimity),313537.956709,585,0.0016997
1287,36212031.8529,0.189553,15,post_critical,0.887162,平静 (Equanimity),291854.603902,586,0.00169725
1288,36508569.4048,0.275513,15,post_critical,0.893233,平静 (Equanimity),296537.551894,587,0.00172743
1289,36810293.0304,0.251581,15,post_critical,0.882162,平静 (Equanimity),301723.625619,588,0.00172274
1290,37106797.4308,0.212432,15,post_critical,0.880634,平静 (Equanimity),296504.400349,589,0.00171844
1291,37371311.2135,0.239701,15,post_critical,0.892744,平静 (Equanimity),264513.782752,590,0.00172051
1292,37633387.0695,0.163659,15,post_critical,0.888608,平静 (Equanimity),262075.855993,591,0.00174713
1293,37785494.3455,0.216105,15,post_critical,0.887807,平静 (Equanimity),152107.275961,592,0.00169056
1294,37875165.0216,0.307242,15,post_critical,0.882737,平静 (Equanimity),89670.676145,593,0.00174419
1295,37980820.4331,0.28269,15,post_critical,0.883454,平静 (Equanimity),105655.41148,594,0.00178707
1296,38088989.9876,0.263245,15,post_critical,0.885534,平静 (Equanimity),108169.554433,595,0.00179415
1297,38206811.8013,0.202921,15,post_critical,0.877929,平静 (Equanimity),117821.813705,596,0.00178612
1298,38310679.4812,0.228333,15,post_critical,0.872109,平静 (Equanimity),103867.679969,597,0.00178526
1299,38405192.1982,0.280659,15,post_critical,0.886782,平静 (Equanimity),94512.716994,598,0.00178189
1300,38541472.1259,0.277711,15,post_critical,0.898025,平静 (Equanimity),136279.927642,599,0.00176608
1301,38764477.0396,0.234927,15,post_critical,0.862681,平静 (Equanimity),223004.913719,600,0.00176703
1302,39058281.5617,0.29082,15,post_critical,0.870128,平静 (Equanimity),293804.522129,601,0.00181611
1303,39361092.0488,0.227871,15,post_critical,0.877829,平静 (Equanimity),302810.487049,602,0.00180733
1304,39631180.8754,0.249496,15,post_critical,0.866733,平静 (Equanimity),270088.826652,603,0.00179904
1305,39853616.1601,0.21133,15,post_critical,0.859812,平静 (Equanimity),222435.284642,604,0.00171812
1306,40018744.0472,0.197504,15,post_critical,0.874936,平静 (Equanimity),165127.887187,605,0.00171228
1307,40262941.2336,0.216038,15,post_critical,0.872239,平静 (Equanimity),244197.186304,606,0.00166626
1308,40456573.5507,0.259445,15,post_critical,0.875595,平静 (Equanimity),193632.317101,607,0.00166522
1309,40665148.6059,0.236726,15,post_critical,0.875555,平静 (Equanimity),208575.055231,608,0.00161738
1310,40960297.9587,0.199233,15,post_critical,0.8844,平静 (Equanimity),295149.352773,609,0.00161389
1311,41225666.9284,0.200085,15,post_critical,0.88055,平静 (Equanimity),265368.969717,610,0.0016181
1312,41397419.7671,0.251076,15,post_critical,0.886171,平静 (Equanimity),171752.83869,611,0.00160515
1313,41597379.7295,0.150979,15,post_critical,0.880218,平静 (Equanimity),199959.962404,612,0.00165258
1314,41774839.8039,0.189754,15,post_critical,0.890897,平静 (Equanimity),177460.074428,613,0.00162501
1315,41992710.5003,0.26287,15,post_critical,0.886504,平静 (Equanimity),217870.696442,614,0.00156302
1316,42260070.2502,0.266605,15,post_critical,0.88043,平静 (Equanimity),267359.7499,615,0.0015406
1317,42532078.2028,0.284802,15,post_critical,0.876367,平静 (Equanimity),272007.952522,616,0.0015676
1318,42794242.1231,0.213799,15,post_critical,0.887532,平静 (Equanimity),262163.920342,617,0.00154917
1319,43135007.4169,0.218568,15,post_critical,0.884704,平静 (Equanimity),340765.293796,618,0.00154397
1320,43485263.9633,0.257974,15,post_critical,0.884863,平静 (Equanimity),350256.546416,619,0.00155508
1321,43838545.6646,0.224755,15,post_critical,0.893385,平静 (Equanimity),353281.701271,620,0.00155506
1322,44205063.8651,0.196081,15,post_critical,0.857367,平静 (Equanimity),366518.200479,621,0.0014739
1323,44466970.2192,0.182255,15,post_critical,0.862724,平静 (Equanimity),261906.354126,622,0.00148523
1324,44745439.158,0.243845,15,post_critical,0.865071,平静 (Equanimity),278468.938785,623,0.00147863
1325,45086943.1955,0.179875,15,post_critical,0.875595,平静 (Equanimity),341504.037494,624,0.00146391
1326,45421024.837,0.198845,15,post_critical,0.871187,平静 (Equanimity),334081.641483,625,0.0014647
1327,45729789.2101,0.207119,15,post_critical,0.857855,平静 (Equanimity),308764.37319,626,0.0014594
1328,45956057.3524,0.157766,15,post_critical,0.874809,平静 (Equanimity),226268.14225,627,0.0014989
1329,46239142.8915,0.265368,15,post_critical,0.881208,平静 (Equanimity),283085.539079,628,0.00134499
1330,46488908.603,0.228556,15,post_critical,0.876781,平静 (Equanimity),249765.711483,629,0.00133431
1331,46743102.8037,0.291356,15,post_critical,0.87861,平静 (Equanimity),254194.200744,630,0.0013807
1332,47081590.1087,0.257944,15,post_critical,0.903628,平静 (Equanimity),338487.304984,631,0.00133165
1333,47413745.4095,0.234303,15,post_critical,0.883733,平静 (Equanimity),332155.300784,632,0.00131103
1334,47747825.6284,0.198827,15,post_critical,0.867002,平静 (Equanimity),334080.218919,633,0.00130655
1335,48114351.6029,0.177236,15,post_critical,0.890457,平静 (Equanimity),366525.974548,634,0.00129333
1336,48512557.0074,0.264509,15,post_critical,0.883772,平静 (Equanimity),398205.404504,635,0.0012917
1337,48832692.4217,0.236381,15,post_critical,0.888097,平静 (Equanimity),320135.414288,636,0.00129189
1338,49102181.5122,0.188804,15,post_critical,0.895565,平静 (Equanimity),269489.090505,637,0.00128935
1339,49414461.8269,0.253782,15,post_critical,0.876114,平静 (Equanimity),312280.31463,638,0.00126397
1340,49726521.16,0.171612,15,post_critical,0.881508,平静 (Equanimity),312059.333106,639,0.00126755
1341,50092699.0093,0.254804,15,post_critical,0.871746,平静 (Equanimity),366177.849292,640,0.00127108
1342,50462387.1175,0.218414,15,post_critical,0.886195,平静 (Equanimity),369688.108221,641,0.00126014
1343,50847806.234,0.214529,15,post_critical,0.884849,平静 (Equanimity),385419.116529,642,0.00125142
1344,51233568.3504,0.173181,15,post_critical,0.86961,平静 (Equanimity),385762.116415,643,0.00125831
1345,51605413.911,0.224463,15,post_critical,0.895076,平静 (Equanimity),371845.560596,644,0.00118221
1346,51956778.2925,0.257037,15,post_critical,0.883081,平静 (Equanimity),351364.381471,645,0.00117021
1347,52367247.7437,0.196355,15,post_critical,0.880441,平静 (Equanimity),410469.451162,646,0.00117883
1348,52784175.0611,0.189527,15,post_critical,0.898398,平静 (Equanimity),416927.317408,647,0.00118907
1349,53054585.1911,0.147372,15,post_critical,0.899815,平静 (Equanimity),270410.130068,648,0.0012488
1350,53366464.6329,0.232859,15,post_critical,0.893785,平静 (Equanimity),311879.44181,649,0.00124603
1351,53733488.7481,0.229263,15,post_critical,0.885897,平静 (Equanimity),367024.115127,650,0.00124451
1352,54170618.197,0.166656,15,post_critical,0.885509,平静 (Equanimity),437129.448884,651,0.00124994
1353,54571067.2035,0.196863,15,post_critical,0.865981,平静 (Equanimity),400449.006589,652,0.00125471
1354,54877847.479,0.207396,15,post_critical,0.876736,平静 (Equanimity),306780.275453,653,0.0012366
1355,55281979.1685,0.12395,15,post_critical,0.876895,平静 (Equanimity),404131.689493,654,0.00132328
1356,55642632.4494,0.239387,15,post_critical,0.881286,平静 (Equanimity),360653.280938,655,0.00131823
1357,55916180.5633,0.238753,15,post_critical,0.873203,平静 (Equanimity),273548.113864,656,0.0013161
1358,56194649.4743,0.206216,15,post_critical,0.855252,平静 (Equanimity),278468.910989,657,0.00130699
1359,56478757.9323,0.209418,15,post_critical,0.871549,平静 (Equanimity),284108.458067,658,0.0013025
1360,56888229.816,0.250756,15,post_critical,0.882362,平静 (Equanimity),409471.883686,659,0.00130928
1361,57336557.3646,0.141728,15,post_critical,0.871756,平静 (Equanimity),448327.548563,660,0.00136411
1362,57707802.9876,0.215857,15,post_critical,0.867975,平静 (Equanimity),371245.623,661,0.00136381
1363,57985225.6843,0.288402,15,post_critical,0.89294,平静 (Equanimity),277422.696715,662,0.0014066
1364,58258038.516,0.245922,15,post_critical,0.886423,平静 (Equanimity),272812.831741,663,0.00141074
1365,58573519.5365,0.292387,15,post_critical,0.888233,平静 (Equanimity),315481.020411,664,0.00145694
1366,58909620.8704,0.237239,15,post_critical,0.888489,平静 (Equanimity),336101.333973,665,0.00145332
1367,59369129.8019,0.242066,15,post_critical,0.904293,平静 (Equanimity),459508.931436,666,0.00145262
1368,59884883.8537,0.165109,15,post_critical,0.881355,平静 (Equanimity),515754.051819,667,0.00148114
1369,60250381.247,0.234519,15,post_critical,0.90013,平静 (Equanimity),365497.393329,668,0.00148161
1370,60646046.7368,0.249982,15,post_critical,0.873483,平静 (Equanimity),395665.489815,669,0.00148246
1371,60975103.7748,0.199702,15,post_critical,0.889811,平静 (Equanimity),329057.037987,670,0.00145351
1372,61379351.3474,0.241984,15,post_critical,0.866094,平静 (Equanimity),404247.572548,671,0.00143774
1373,61679181.0563,0.266835,15,post_critical,0.846343,平静 (Equanimity),299829.708906,672,0.00145343
1374,62068424.5055,0.181996,15,post_critical,0.877081,平静 (Equanimity),389243.449184,673,0.00146098
1375,62329116.2606,0.211708,15,post_critical,0.890077,平静 (Equanimity),260691.755184,674,0.00146077
1376,62787854.0835,0.211804,15,post_critical,0.900818,平静 (Equanimity),458737.822888,675,0.00146222
1377,63270397.5273,0.29172,15,post_critical,0.856093,平静 (Equanimity),482543.443759,676,0.00150563
1378,63726865.7569,0.208597,15,post_critical,0.876314,平静 (Equanimity),456468.229654,677,0.0015066
1379,64226501.1326,0.269024,15,post_critical,0.895175,平静 (Equanimity),499635.37565,678,0.00151719
1380,64645655.3436,0.150744,15,post_critical,0.893439,平静 (Equanimity),419154.210958,679,0.0015013
1381,65111166.3424,0.209559,15,post_critical,0.880462,平静 (Equanimity),465510.998864,680,0.00149203
1382,65601451.0,0.306321,15,post_critical,0.877595,平静 (Equanimity),490284.657593,681,0.00155586
1383,66092322.5614,0.262447,15,post_critical,0.878505,平静 (Equanimity),490871.561406,682,0.00156914
1384,66544822.6418,0.286441,15,post_critical,0.874648,平静 (Equanimity),452500.08037,683,0.00159654
1385,67004066.434,0.251107,15,post_critical,0.893512,平静 (Equanimity),459243.792175,684,0.00159992
1386,67393201.0686,0.238718,15,post_critical,0.876952,平静 (Equanimity),389134.63467,685,0.00157965
1387,67716013.338,0.176663,15,post_critical,0.879236,平静 (Equanimity),322812.26937,686,0.00159082
1388,68233528.8037,0.235557,15,post_critical,0.887637,平静 (Equanimity),517515.465652,687,0.00156735
1389,68716057.0997,0.226401,15,post_critical,0.897788,平静 (Equanimity),482528.296004,688,0.00156073
1390,69081261.7116,0.270147,15,post_critical,0.890179,平静 (Equanimity),365204.611943,689,0.00157837
1391,69430105.8257,0.191202,15,post_critical,0.882534,平静 (Equanimity),348844.114062,690,0.00158866
1392,69897579.2164,0.202853,15,post_critical,0.881558,平静 (Equanimity),467473.390783,691,0.00155515
1393,70333505.7481,0.222251,15,post_critical,0.895018,平静 (Equanimity),435926.531704,692,0.00155428
1394,70888212.3094,0.251156,15,post_critical,0.88781,平静 (Equanimity),554706.56123,693,0.00149458
1395,71459944.733,0.211641,15,post_critical,0.884232,平静 (Equanimity),571732.423656,694,0.00146358
1396,71985862.9145,0.160838,15,post_critical,0.881949,平静 (Equanimity),525918.181461,695,0.00148905
1397,72508790.0966,0.20238,15,post_critical,0.873396,平静 (Equanimity),522927.182108,696,0.00148928
1398,72954510.3053,0.204629,15,post_critical,0.882897,平静 (Equanimity),445720.208708,697,0.00149277
1399,73339429.0847,0.221786,15,post_critical,0.874597,平静 (Equanimity),384918.779343,698,0.00146004
1400,73812726.0758,0.217937,15,post_critical,0.848075,平静 (Equanimity),473296.991124,699,0.00143017
1401,74306674.3008,0.232217,15,post_critical,0.875339,平静 (Equanimity),493948.225013,700,0.00142957
1402,74818343.4504,0.184849,15,post_critical,0.887002,平静 (Equanimity),511669.149592,701,0.00139597
1403,75430064.5789,0.278699,15,post_critical,0.891215,平静 (Equanimity),611721.128511,702,0.00142807
1404,75992407.8316,0.208456,15,post_critical,0.893587,平静 (Equanimity),562343.252681,703,0.00142214
1405,76322364.1159,0.184164,15,post_critical,0.880186,平静 (Equanimity),329956.284285,704,0.001435
1406,76756397.4635,0.238245,15,post_critical,0.893491,平静 (Equanimity),434033.347592,705,0.00143206
1407,77199959.1418,0.183132,15,post_critical,0.894553,平静 (Equanimity),443561.678336,706,0.0014465
1408,77688174.4053,0.27452,15,post_critical,0.871615,平静 (Equanimity),488215.263475,707,0.00146023
1409,78222326.0864,0.245306,15,post_critical,0.873586,平静 (Equanimity),534151.68118,708,0.00146357
1410,78532745.6704,0.232578,15,post_critical,0.875553,平静 (Equanimity),310419.583991,709,0.00145967
1411,79030341.8024,0.189886,15,post_critical,0.869181,平静 (Equanimity),497596.131975,710,0.00146515
1412,79589048.8808,0.20144,15,post_critical,0.88268,平静 (Equanimity),558707.078427,711,0.00146051
1413,80230528.7487,0.085149,15,post_critical,0.897707,平静 (Equanimity),641479.867854,712,0.00159603
1414,80908925.0625,0.209092,15,post_critical,0.886305,平静 (Equanimity),678396.313806,713,0.00158777
1415,81447581.5974,0.254248,15,post_critical,0.88635,平静 (Equanimity),538656.53492,714,0.00158126
1416,82040511.7365,0.209752,15,post_critical,0.874813,平静 (Equanimity),592930.139065,715,0.00156115
1417,82655431.4625,0.220259,15,post_critical,0.863371,平静 (Equanimity),614919.726024,716,0.00151901
1418,83226015.9882,0.188856,15,post_critical,0.877697,平静 (Equanimity),570584.525721,717,0.00152804
1419,83881969.087,0.147184,15,post_critical,0.866715,平静 (Equanimity),655953.098761,718,0.00157955
1420,84499401.9832,0.250204,15,post_critical,0.873023,平静 (Equanimity),617432.896261,719,0.00157403
1421,85076656.3293,0.236772,15,post_critical,0.867296,平静 (Equanimity),577254.346015,720,0.00157696
1422,85644335.6309,0.217094,15,post_critical,0.859919,平静 (Equanimity),567679.301642,721,0.00157185
1423,86256475.0988,0.244211,15,post_critical,0.893466,平静 (Equanimity),612139.467943,722,0.00156451
1424,86847443.4175,0.158169,15,post_critical,0.873439,平静 (Equanimity),590968.318621,723,0.00159541
1425,87517930.4957,0.196456,15,post_critical,0.868178,平静 (Equanimity),670487.078225,724,0.00158529
1426,88163497.0006,0.193038,15,post_critical,0.862781,平静 (Equanimity),645566.504905,725,0.00158793
1427,88809015.5669,0.186672,15,post_critical,0.873123,平静 (Equanimity),645518.566293,726,0.00159682
1428,89454027.1039,0.234399,15,post_critical,0.878242,平静 (Equanimity),645011.536991,727,0.00156185
1429,89941172.329,0.21337,15,post_critical,0.842275,平静 (Equanimity),487145.22512,728,0.00154069
1430,90535792.3408,0.230683,15,post_critical,0.899346,平静 (Equanimity),594620.011786,729,0.00154115
1431,91214419.3195,0.263917,15,post_critical,0.900151,平静 (Equanimity),678626.978722,730,0.00150878
1432,91994649.9221,0.199754,15,post_critical,0.883846,平静 (Equanimity),780230.602562,731,0.00149641
1433,92738845.3971,0.193087,15,post_critical,0.889579,平静 (Equanimity),744195.475014,732,0.00149972
1434,93503502.9481,0.191074,15,post_critical,0.887529,平静 (Equanimity),764657.550987,733,0.00150322
1435,94161191.4841,0.207948,15,post_critical,0.883465,平静 (Equanimity),657688.535985,734,0.00148786
1436,94820432.1342,0.227753,15,post_critical,0.891043,平静 (Equanimity),659240.650095,735,0.00146686
1437,95601719.8127,0.269124,15,post_critical,0.88176,平静 (Equanimity),781287.678554,736,0.00148992
1438,96247099.0103,0.223419,15,post_critical,0.89791,平静 (Equanimity),645379.197588,737,0.00148177
1439,96923282.8986,0.267903,15,post_critical,0.888669,平静 (Equanimity),676183.888256,738,0.00149384
1440,97647278.659,0.278614,15,post_critical,0.899258,平静 (Equanimity),723995.76047,739,0.0015075
1441,98344432.6224,0.233724,15,post_critical,0.880092,平静 (Equanimity),697153.963333,740,0.00149692
1442,99091817.5794,0.280229,15,post_critical,0.88665,平静 (Equanimity),747384.957076,741,0.00153396
1443,99775590.1225,0.208402,15,post_critical,0.885647,平静 (Equanimity),683772.543041,742,0.00153496
1444,100357861.0559,0.216708,16,post_critical,0.899123,平静 (Equanimity),582270.933378,0,0.0015133
1445,101161298.5369,0.268018,16,post_critical,0.887208,平静 (Equanimity),803437.481044,1,0.00153593
1446,101647168.1546,0.279124,16,post_critical,0.894459,平静 (Equanimity),485869.617742,2,0.00155691
1447,102380513.987,0.297846,16,post_critical,0.882078,平静 (Equanimity),733345.832359,3,0.00160946
1448,102824029.8629,0.2157,16,post_critical,0.888861,平静 (Equanimity),443515.875928,4,0.0015994
1449,103614628.7258,0.223398,16,post_critical,0.89751,平静 (Equanimity),790598.86286,5,0.00154318
1450,104371082.2058,0.221934,16,post_critical,0.893445,平静 (Equanimity),756453.479989,6,0.00154215
1451,105159322.5427,0.279482,16,post_critical,0.889886,平静 (Equanimity),788240.3369,7,0.00157378
1452,105484738.6467,0.180093,16,post_critical,0.891921,平静 (Equanimity),325416.104077,8,0.00156039
1453,105994878.6368,0.2438,16,post_critical,0.898231,平静 (Equanimity),510139.990024,9,0.00155742
1454,106449210.4658,0.17934,16,post_critical,0.898097,平静 (Equanimity),454331.829019,10,0.00157438
1455,106904771.3566,0.251568,16,post_critical,0.894418,平静 (Equanimity),455560.890759,11,0.00148165
1456,107398769.6547,0.250904,16,post_critical,0.896469,平静 (Equanimity),493998.298108,12,0.00148634
1457,107909886.6923,0.187138,16,post_critical,0.890443,平静 (Equanimity),511117.037635,13,0.00149835
1458,108304821.1619,0.26363,16,post_critical,0.881495,平静 (Equanimity),394934.469602,14,0.00151019
1459,108758661.6752,0.272507,16,post_critical,0.901829,平静 (Equanimity),453840.513303,15,0.00153006
1460,109283091.9501,0.288002,16,post_critical,0.898242,平静 (Equanimity),524430.274903,16,0.00156258
1461,109806462.9146,0.253603,16,post_critical,0.896506,平静 (Equanimity),523370.964523,17,0.00149814
1462,110606456.8401,0.28723,16,post_critical,0.883272,平静 (Equanimity),799993.925503,18,0.00153263
1463,111366640.0204,0.13089,16,post_critical,0.866857,平静 (Equanimity),760183.18029,19,0.00158714
1464,112081493.9982,0.251453,16,post_critical,0.875042,平静 (Equanimity),714853.977737,20,0.00158963
1465,112842648.6289,0.230074,16,post_critical,0.885204,平静 (Equanimity),761154.630704,21,0.00154561
1466,113629662.615,0.131176,16,post_critical,0.891392,平静 (Equanimity),787013.986159,22,0.00163228
1467,114513042.1694,0.196351,16,post_critical,0.887851,平静 (Equanimity),883379.554373,23,0.00163694
1468,115338788.894,0.19238,16,post_critical,0.895603,平静 (Equanimity),825746.724564,24,0.00161214
1469,116224547.0368,0.177718,16,post_critical,0.885905,平静 (Equanimity),885758.142856,25,0.00163253
1470,117170960.1864,0.19457,16,post_critical,0.888521,平静 (Equanimity),946413.149581,26,0.00163389
1471,118027497.8131,0.191974,16,post_critical,0.889123,平静 (Equanimity),856537.626667,27,0.00163812
1472,118998968.3642,0.212786,16,post_critical,0.902184,平静 (Equanimity),971470.551161,28,0.00163556
1473,119851907.1603,0.186332,16,post_critical,0.890348,平静 (Equanimity),852938.796083,29,0.00162892
1474,120515215.2651,0.28107,16,post_critical,0.888862,平静 (Equanimity),663308.104763,30,0.00164672
1475,121165250.461,0.29196,16,post_critical,0.892218,平静 (Equanimity),650035.195976,31,0.00169228
1476,121917945.2761,0.28139,16,post_critical,0.880614,平静 (Equanimity),752694.815014,32,0.00172346
1477,122801294.5508,0.244455,16,post_critical,0.859122,平静 (Equanimity),883349.274743,33,0.00168207
1478,123462135.6912,0.261131,16,post_critical,0.880454,平静 (Equanimity),660841.140407,34,0.00169314
1479,124005714.5477,0.250609,16,post_critical,0.894414,平静 (Equanimity),543578.856524,35,0.00168013
1480,124826745.7909,0.250034,16,post_critical,0.875658,平静 (Equanimity),821031.243197,36,0.00163144
1481,125536853.5341,0.196455,16,post_critical,0.89136,平静 (Equanimity),710107.743174,37,0.00163729
1482,126558547.3442,0.266642,16,post_critical,0.892831,平静 (Equanimity),1021693.81009,38,0.00158856
1483,127296593.977,0.261749,16,post_critical,0.896953,平静 (Equanimity),738046.632775,39,0.00158804
1484,128297561.2385,0.186194,16,post_critical,0.896266,平静 (Equanimity),1000967.261528,40,0.00156409
1485,129350755.2206,0.220963,16,post_critical,0.871534,平静 (Equanimity),1053193.982128,41,0.00155666
1486,130130859.5816,0.183143,16,post_critical,0.89506,平静 (Equanimity),780104.360934,42,0.0015704
1487,131067801.2961,0.218985,16,post_critical,0.896526,平静 (Equanimity),936941.714505,43,0.0015489
1488,132050556.7102,0.146144,16,post_critical,0.862409,平静 (Equanimity),982755.414169,44,0.00160637
1489,133017381.7223,0.145106,16,post_critical,0.894181,平静 (Equanimity),966825.01207,45,0.00166551
1490,134125146.7904,0.291099,16,post_critical,0.896392,平静 (Equanimity),1107765.068141,46,0.00169015
1491,135151401.0449,0.252048,16,post_critical,0.881221,平静 (Equanimity),1026254.254499,47,0.0016894
1492,136181406.8628,0.165758,16,post_critical,0.886945,平静 (Equanimity),1030005.8179,48,0.00171763
1493,137182549.4044,0.188211,16,post_critical,0.870985,平静 (Equanimity),1001142.541556,49,0.00172905
1494,137680923.9518,0.123267,16,post_critical,0.878009,平静 (Equanimity),498374.547402,50,0.00181597
1495,138257331.7859,0.165346,16,post_critical,0.878643,平静 (Equanimity),576407.834055,51,0.00184544
1496,138850404.404,0.130441,16,post_critical,0.883659,平静 (Equanimity),593072.618158,52,0.00189061
1497,139785611.4253,0.252502,16,post_critical,0.880233,平静 (Equanimity),935207.021321,53,0.00189803
1498,140875740.6147,0.197861,16,post_critical,0.895192,平静 (Equanimity),1090129.189356,54,0.0019006
1499,141840997.484,0.270632,16,post_critical,0.883617,平静 (Equanimity),965256.869358,55,0.00192575
1500,142645251.1914,0.166542,16,post_critical,0.877378,平静 (Equanimity),804253.707398,56,0.00195475
1501,143455664.2865,0.273597,16,post_critical,0.880767,平静 (Equanimity),810413.09505,57,0.00198166
1502,144173507.8436,0.271834,16,post_critical,0.893269,平静 (Equanimity),717843.557134,58,0.00199435
1503,145320274.2196,0.233249,16,post_critical,0.88115,平静 (Equanimity),1146766.375957,59,0.00196279
1504,146485124.6393,0.145062,16,post_critical,0.870201,平静 (Equanimity),1164850.41968,60,0.00201851
1505,147619358.5855,0.2889,16,post_critical,0.8793,平静 (Equanimity),1134233.946274,61,0.00205122
1506,148795586.293,0.214429,16,post_critical,0.884333,平静 (Equanimity),1176227.707469,62,0.00204883
1507,150000729.0683,0.182047,16,post_critical,0.900869,平静 (Equanimity),1205142.77532,63,0.00204967
1508,151286591.6877,0.283668,16,post_critical,0.866679,平静 (Equanimity),1285862.619407,64,0.00206026
1509,152445393.1417,0.190795,16,post_critical,0.861133,平静 (Equanimity),1158801.45393,65,0.00206348
1510,153593714.5954,0.114879,16,post_critical,0.881329,平静 (Equanimity),1148321.453708,66,0.00217275
1511,154825550.7008,0.284656,16,post_critical,0.884497,平静 (Equanimity),1231836.105415,67,0.00220542
1512,155952030.5034,0.243317,16,post_critical,0.876136,平静 (Equanimity),1126479.802638,68,0.00220682
1513,157182128.5121,0.170283,16,post_critical,0.86202,平静 (Equanimity),1230098.008645,69,0.00204739
1514,158210447.1452,0.28666,16,post_critical,0.872487,平静 (Equanimity),1028318.633082,70,0.00208728
1515,159182649.1461,0.144086,16,post_critical,0.882444,平静 (Equanimity),972202.000935,71,0.00213759
1516,160378053.4883,0.150986,16,post_critical,0.869066,平静 (Equanimity),1195404.342184,72,0.00218552
1517,161575183.6133,0.257096,16,post_critical,0.887816,平静 (Equanimity),1197130.125049,73,0.00219851
1518,162863053.8647,0.236574,16,post_critical,0.882174,平静 (Equanimity),1287870.251409,74,0.00219016
1519,164019707.4071,0.249514,16,post_critical,0.884782,平静 (Equanimity),1156653.542367,75,0.00214131
1520,164884192.9492,0.263647,16,post_critical,0.872133,平静 (Equanimity),864485.542061,76,0.00215048
1521,166144785.1574,0.20242,16,post_critical,0.871753,平静 (Equanimity),1260592.2082,77,0.00215261
1522,167336592.9874,0.177201,16,post_critical,0.87373,平静 (Equanimity),1191807.830068,78,0.0021727
1523,168530622.7797,0.213686,16,post_critical,0.877847,平静 (Equanimity),1194029.792241,79,0.00216844
1524,169867116.8736,0.232002,16,post_critical,0.877419,平静 (Equanimity),1336494.093915,80,0.00212842
1525,171137285.4085,0.126936,16,post_critical,0.871239,平静 (Equanimity),1270168.534943,81,0.00221255
1526,172466520.2033,0.092024,16,post_critical,0.826885,平静 (Equanimity),1329234.794805,82,0.0023718
1527,173390523.1641,0.231039,16,post_critical,0.867499,平静 (Equanimity),924002.960742,83,0.00236096
1528,174388288.8728,0.211636,16,post_critical,0.883773,平静 (Equanimity),997765.708765,84,0.00236012
1529,175307769.8852,0.177095,16,post_critical,0.897585,平静 (Equanimity),919481.012353,85,0.00237874
1530,176201194.4404,0.162592,16,post_critical,0.892107,平静 (Equanimity),893424.555241,86,0.00241105
1531,177189374.0196,0.286737,16,post_critical,0.859792,平静 (Equanimity),988179.579141,87,0.00243623
1532,178067795.1718,0.265104,16,post_critical,0.894467,平静 (Equanimity),878421.152267,88,0.00245172
1533,179120391.8347,0.275926,16,post_critical,0.891132,平静 (Equanimity),1052596.662826,89,0.00247357
1534,179936874.0075,0.225725,16,post_critical,0.879933,平静 (Equanimity),816482.172832,90,0.00246421
1535,180999040.4037,0.24197,16,post_critical,0.871084,平静 (Equanimity),1062166.396167,91,0.00246605
1536,182404146.1769,0.205976,16,post_critical,0.886285,平静 (Equanimity),1405105.773188,92,0.00246843
1537,183890849.2614,0.245392,16,post_critical,0.87236,平静 (Equanimity),1486703.084587,93,0.00245173
1538,185169567.7373,0.317656,16,post_critical,0.874162,平静 (Equanimity),1278718.475828,94,0.00254239
1539,186620899.3955,0.277176,16,post_critical,0.886615,平静 (Equanimity),1451331.658233,95,0.00255159
1540,188143618.281,0.281926,16,post_critical,0.884355,平静 (Equanimity),1522718.885454,96,0.00255538
1541,189667325.4918,0.248828,16,post_critical,0.899503,平静 (Equanimity),1523707.210841,97,0.00256087
1542,191285042.4418,0.237096,16,post_critical,0.888885,平静 (Equanimity),1617716.949965,98,0.00253007
1543,192857684.6424,0.312903,16,post_critical,0.883441,平静 (Equanimity),1572642.200653,99,0.00260819
1544,194414863.8027,0.201353,16,post_critical,0.890429,平静 (Equanimity),1557179.1603,100,0.0026127
1545,195830334.4273,0.145682,16,post_critical,0.874746,平静 (Equanimity),1415470.624606,101,0.0026523
1546,197367989.6789,0.283242,16,post_critical,0.888156,平静 (Equanimity),1537655.251556,102,0.00265714
1547,198986648.1509,0.241519,16,post_critical,0.888955,平静 (Equanimity),1618658.471996,103,0.00260362
1548,200615808.4321,0.254458,16,post_critical,0.897313,平静 (Equanimity),1629160.281188,104,0.00261369
1549,202313625.478,0.247374,16,post_critical,0.881568,平静 (Equanimity),1697817.045925,105,0.00261991
1550,203594668.226,0.249734,16,post_critical,0.89535,平静 (Equanimity),1281042.747976,106,0.00262724
1551,204769126.7533,0.292016,16,post_critical,0.898159,平静 (Equanimity),1174458.527383,107,0.002643
1552,206180292.8401,0.068345,16,post_critical,0.870899,平静 (Equanimity),1411166.086762,108,0.00286236
1553,207044754.4283,0.235866,16,post_critical,0.883302,平静 (Equanimity),864461.588186,109,0.0028595
1554,207919509.959,0.227262,16,post_critical,0.891699,平静 (Equanimity),874755.530737,110,0.0028416
1555,208993449.6547,0.180852,16,post_critical,0.877692,平静 (Equanimity),1073939.695695,111,0.00284959
1556,210165289.6204,0.231279,16,post_critical,0.878026,平静 (Equanimity),1171839.965724,112,0.00284187
1557,211021856.8415,0.210257,16,post_critical,0.878836,平静 (Equanimity),856567.221018,113,0.00283136
1558,212114367.9507,0.236538,16,post_critical,0.871495,平静 (Equanimity),1092511.109193,114,0.00281582
1559,213490512.5341,0.229143,16,post_critical,0.861757,平静 (Equanimity),1376144.583467,115,0.00278999
1560,215101313.91,0.153112,16,post_critical,0.867896,平静 (Equanimity),1610801.375899,116,0.00278893
1561,216676008.2353,0.219538,16,post_critical,0.875658,平静 (Equanimity),1574694.325235,117,0.00277717
1562,218281463.7856,0.239284,16,post_critical,0.882824,平静 (Equanimity),1605455.550339,118,0.00273464
1563,219988489.861,0.295297,16,post_critical,0.891776,平静 (Equanimity),1707026.075365,119,0.00271361
1564,221640923.0191,0.195837,16,post_critical,0.879422,平静 (Equanimity),1652433.158126,120,0.00270959
1565,223180590.2252,0.255069,16,post_critical,0.884863,平静 (Equanimity),1539667.206068,121,0.00272094
1566,224392315.5421,0.228811,16,post_critical,0.881725,平静 (Equanimity),1211725.316967,122,0.00264186
1567,225317036.8448,0.260405,16,post_critical,0.893971,平静 (Equanimity),924721.302648,123,0.00265092
1568,226457781.6518,0.203334,16,post_critical,0.897102,平静 (Equanimity),1140744.807039,124,0.00264571
1569,228085444.8666,0.201738,16,post_critical,0.877525,平静 (Equanimity),1627663.214754,125,0.00263027
1570,229609679.0585,0.240088,16,post_critical,0.891197,平静 (Equanimity),1524234.191974,126,0.00262584
1571,231417218.1203,0.276146,16,post_critical,0.873039,平静 (Equanimity),1807539.061745,127,0.00264472
1572,232891044.3165,0.204752,16,post_critical,0.878861,平静 (Equanimity),1473826.196229,128,0.00264704
1573,234584133.5185,0.258899,16,post_critical,0.850451,平静 (Equanimity),1693089.201996,129,0.00264569
1574,236191335.423,0.151834,16,post_critical,0.900073,平静 (Equanimity),1607201.904512,130,0.0026633
1575,238073305.67,0.219583,16,post_critical,0.889399,平静 (Equanimity),1881970.246945,131,0.00261479
1576,239854479.9324,0.145028,16,post_critical,0.877612,平静 (Equanimity),1781174.262388,132,0.00263662
1577,241707863.2428,0.143324,16,post_critical,0.88746,平静 (Equanimity),1853383.310416,133,0.00268949
1578,243326452.7991,0.181958,16,post_critical,0.877671,平静 (Equanimity),1618589.556298,134,0.00268566
1579,245024043.7149,0.261935,16,post_critical,0.880081,平静 (Equanimity),1697590.915805,135,0.00269415
1580,246117048.125,0.315384,16,post_critical,0.875443,平静 (Equanimity),1093004.410098,136,0.0027772
1581,247144250.5563,0.173935,16,post_critical,0.886615,平静 (Equanimity),1027202.431313,137,0.0027926
1582,248425798.1054,0.210038,16,post_critical,0.888299,平静 (Equanimity),1281547.549163,138,0.00277069
1583,249483605.7849,0.19846,16,post_critical,0.892556,平静 (Equanimity),1057807.679444,139,0.00275586
1584,251340958.2993,0.249633,16,post_critical,0.883205,平静 (Equanimity),1857352.514436,140,0.00275526
1585,253067612.3948,0.246416,16,post_critical,0.897345,平静 (Equanimity),1726654.095434,141,0.00276282
1586,254255854.4377,0.16707,16,post_critical,0.887891,平静 (Equanimity),1188242.04291,142,0.00277689
1587,255496660.1852,0.227001,16,post_critical,0.883571,平静 (Equanimity),1240805.747557,143,0.00277756
1588,256793288.3208,0.243582,16,post_critical,0.875985,平静 (Equanimity),1296628.135595,144,0.0027298
1589,258051416.8571,0.307343,16,post_critical,0.896265,平静 (Equanimity),1258128.536253,145,0.00274783
1590,259741915.705,0.287099,16,post_critical,0.885953,平静 (Equanimity),1690498.847926,146,0.00274242
1591,261190713.372,0.290896,16,post_critical,0.867137,平静 (Equanimity),1448797.667042,147,0.00278115
1592,262929210.6306,0.257746,16,post_critical,0.874212,平静 (Equanimity),1738497.258578,148,0.00276176
1593,264735328.7467,0.24117,16,post_critical,0.884199,平静 (Equanimity),1806118.116108,149,0.00275295
1594,265948140.9277,0.252526,16,post_critical,0.889788,平静 (Equanimity),1212812.181004,150,0.00265982
1595,267252521.7288,0.226537,16,post_critical,0.892589,平静 (Equanimity),1304380.801027,151,0.00262441
1596,268662104.0104,0.290485,16,post_critical,0.877027,平静 (Equanimity),1409582.28163,152,0.00257474
1597,270554496.9472,0.129149,16,post_critical,0.8939,平静 (Equanimity),1892392.936775,153,0.00266193
1598,271663110.5437,0.191677,16,post_critical,0.888609,平静 (Equanimity),1108613.596568,154,0.00266573
1599,272470218.6558,0.170726,16,post_critical,0.88298,平静 (Equanimity),807108.112041,155,0.00267433
1600,273617259.1038,0.292605,16,post_critical,0.888563,平静 (Equanimity),1147040.448014,156,0.00268557
1601,275232710.2537,0.181851,16,post_critical,0.860521,平静 (Equanimity),1615451.149893,157,0.0026811
1602,276003966.2574,0.2963,16,post_critical,0.870719,平静 (Equanimity),771256.003687,158,0.00271003
1603,276979154.6969,0.250695,16,post_critical,0.876054,平静 (Equanimity),975188.439522,159,0.00271589
1604,277897819.5508,0.266398,16,post_critical,0.882683,平静 (Equanimity),918664.853946,160,0.00266706
1605,278812065.2123,0.230082,16,post_critical,0.875585,平静 (Equanimity),914245.661421,161,0.00262785
1606,279806094.4428,0.133576,16,post_critical,0.876244,平静 (Equanimity),994029.230584,162,0.00271108
1607,280822993.8208,0.19934,16,post_critical,0.865991,平静 (Equanimity),1016899.377999,163,0.00269916
1608,281898580.5852,0.255643,16,post_critical,0.876254,平静 (Equanimity),1075586.764315,164,0.00267419
1609,283138129.6672,0.228024,16,post_critical,0.877734,平静 (Equanimity),1239549.082003,165,0.00266247
1610,284182615.9308,0.192765,16,post_critical,0.87702,平静 (Equanimity),1044486.263628,166,0.00255048
1611,284992581.3347,0.176615,16,post_critical,0.876675,平静 (Equanimity),809965.403882,167,0.00253953
1612,285664025.7811,0.1625,16,post_critical,0.875441,平静 (Equanimity),671444.446471,168,0.00257463
1613,286382649.8629,0.201577,16,post_critical,0.852063,平静 (Equanimity),718624.081749,169,0.00255057
1614,287147851.4309,0.218991,16,post_critical,0.84686,平静 (Equanimity),765201.568008,170,0.00251182
1615,287736428.7438,0.219333,16,post_critical,0.834471,平静 (Equanimity),588577.312936,171,0.00244782
1616,288284170.4871,0.24919,16,post_critical,0.854668,平静 (Equanimity),547741.743272,172,0.0023987
1617,288972087.3438,0.200814,16,post_critical,0.851726,平静 (Equanimity),687916.856718,173,0.00239459
1618,289706026.2937,0.161801,16,post_critical,0.863021,平静 (Equanimity),733938.949911,174,0.00243268
1619,290520987.028,0.297859,16,post_critical,0.87243,平静 (Equanimity),814960.734286,175,0.00248021
1620,291364378.9473,0.233569,16,post_critical,0.865517,平静 (Equanimity),843391.919235,176,0.00246578
1621,292096964.4885,0.233515,16,post_critical,0.877929,平静 (Equanimity),732585.541218,177,0.00246164
1622,293161002.839,0.319453,16,post_critical,0.869133,平静 (Equanimity),1064038.350525,178,0.00252663
1623,294082431.725,0.216108,16,post_critical,0.880254,平静 (Equanimity),921428.885968,179,0.00252608
1624,295266997.1139,0.253731,16,post_critical,0.87635,平静 (Equanimity),1184565.388944,180,0.00253327
1625,296202409.7701,0.273472,16,post_critical,0.87739,平静 (Equanimity),935412.656178,181,0.00245423
1626,297142977.401,0.319173,16,post_critical,0.864763,平静 (Equanimity),940567.630919,182,0.00234774
1627,298050638.4708,0.159798,16,post_critical,0.874623,平静 (Equanimity),907661.069786,183,0.00239676
1628,298905807.6847,0.201195,16,post_critical,0.881549,平静 (Equanimity),855169.213889,184,0.00240156
1629,299730342.8837,0.134895,16,post_critical,0.879496,平静 (Equanimity),824535.199073,185,0.0024633
1630,300674509.8024,0.183571,16,post_critical,0.883829,平静 (Equanimity),944166.918638,186,0.00243982
1631,301884687.0787,0.234052,16,post_critical,0.890305,平静 (Equanimity),1210177.276352,187,0.00240662
1632,303697902.3309,0.180219,16,post_critical,0.853571,平静 (Equanimity),1813215.252123,188,0.00241601
1633,304875181.5881,0.245221,16,post_critical,0.886959,平静 (Equanimity),1177279.257268,189,0.00239577
1634,306012237.1494,0.201272,16,post_critical,0.856669,平静 (Equanimity),1137055.56131,190,0.00240254
1635,306842237.4052,0.228127,16,post_critical,0.87103,平静 (Equanimity),830000.255804,191,0.00240036
1636,307733924.6966,0.15859,16,post_critical,0.857729,平静 (Equanimity),891687.291387,192,0.00244259
1637,308529363.9387,0.201909,16,post_critical,0.867646,平静 (Equanimity),795439.242035,193,0.00244497
1638,309458711.1302,0.153055,16,post_critical,0.879071,平静 (Equanimity),929347.191509,194,0.00241203
1639,310837647.7325,0.180401,16,post_critical,0.884676,平静 (Equanimity),1378936.602309,195,0.00240284
1640,312320317.0321,0.191385,16,post_critical,0.881038,平静 (Equanimity),1482669.299616,196,0.0023783
1641,313688330.841,0.227463,16,post_critical,0.872945,平静 (Equanimity),1368013.808927,197,0.00237164
1642,314996559.2774,0.195163,16,post_critical,0.881268,平静 (Equanimity),1308228.43639,198,0.00237675
1643,316533188.3901,0.24507,16,post_critical,0.891757,平静 (Equanimity),1536629.112701,199,0.00229901
1644,318026857.7023,0.267654,16,post_critical,0.881766,平静 (Equanimity),1493669.31216,200,0.00231602
1645,319848033.3799,0.239336,16,post_critical,0.890937,平静 (Equanimity),1821175.67761,201,0.0022599
1646,321624964.2613,0.238719,16,post_critical,0.879823,平静 (Equanimity),1776930.881412,202,0.00222583
1647,323032007.5058,0.230841,16,post_critical,0.877569,平静 (Equanimity),1407043.244477,203,0.00222289
1648,324731613.2733,0.22342,16,post_critical,0.875938,平静 (Equanimity),1699605.767499,204,0.00221252
1649,327234090.087,0.266446,16,post_critical,0.884188,平静 (Equanimity),2502476.813696,205,0.00222577
1650,329446744.9127,0.20973,16,post_critical,0.871833,平静 (Equanimity),2212654.825683,206,0.00221964
1651,331932322.3707,0.244897,16,post_critical,0.851363,平静 (Equanimity),2485577.458084,207,0.00217552
1652,334356875.9378,0.183478,16,post_critical,0.884853,平静 (Equanimity),2424553.567057,208,0.00195432
1653,337068281.1356,0.275664,16,post_critical,0.889646,平静 (Equanimity),2711405.19781,209,0.0019806
1654,339782591.9909,0.199905,16,post_critical,0.885927,平静 (Equanimity),2714310.855305,210,0.00198565
1655,342082500.9082,0.199903,16,post_critical,0.864701,平静 (Equanimity),2299908.917266,211,0.00197331
1656,344414140.1826,0.326387,16,post_critical,0.888747,平静 (Equanimity),2331639.274454,212,0.00207886
1657,347243494.8954,0.240144,16,post_critical,0.886248,平静 (Equanimity),2829354.712719,213,0.0020796
1658,349987541.6536,0.242506,16,post_critical,0.89254,平静 (Equanimity),2744046.758239,214,0.00208144
1659,352899909.2797,0.229727,16,post_critical,0.878699,平静 (Equanimity),2912367.626082,215,0.0020815
1660,355704958.6482,0.209628,16,post_critical,0.894593,平静 (Equanimity),2805049.368501,216,0.00203279
1661,358464440.3431,0.233735,16,post_critical,0.890112,平静 (Equanimity),2759481.694942,217,0.00203331
1662,360706590.4256,0.207578,16,post_critical,0.884406,平静 (Equanimity),2242150.082452,218,0.00203413
1663,363139636.7074,0.163583,16,post_critical,0.865452,平静 (Equanimity),2433046.281873,219,0.00201957
1664,365662167.5712,0.190676,16,post_critical,0.865368,平静 (Equanimity),2522530.863733,220,0.00202266
1665,368324333.9791,0.221318,16,post_critical,0.882114,平静 (Equanimity),2662166.407931,221,0.00201242
1666,370865185.6573,0.148195,16,post_critical,0.871687,平静 (Equanimity),2540851.678158,222,0.00206717
1667,373605613.8401,0.251631,16,post_critical,0.889618,平静 (Equanimity),2740428.182805,223,0.00206121
1668,375398867.1986,0.245366,16,post_critical,0.888796,平静 (Equanimity),1793253.358548,224,0.00206303
1669,377426623.6951,0.294096,16,post_critical,0.877536,平静 (Equanimity),2027756.496502,225,0.00210933
1670,379168605.1996,0.192671,16,post_critical,0.892544,平静 (Equanimity),1741981.504493,226,0.00211568
1671,381544592.7204,0.211424,16,post_critical,0.894893,平静 (Equanimity),2375987.520749,227,0.00208815
1672,384715863.6068,0.133999,16,post_critical,0.900633,平静 (Equanimity),3171270.886447,228,0.00216239
1673,386764289.9205,0.225665,16,post_critical,0.889596,平静 (Equanimity),2048426.313664,229,0.00214845
1674,389437767.9516,0.311122,16,post_critical,0.897846,平静 (Equanimity),2673478.031157,230,0.00217881
1675,392580584.5344,0.180488,16,post_critical,0.901942,平静 (Equanimity),3142816.582779,231,0.00219641
1676,395102815.3449,0.279009,16,post_critical,0.87084,平静 (Equanimity),2522230.810513,232,0.00216692
1677,396693036.5904,0.153362,16,post_critical,0.862826,平静 (Equanimity),1590221.245453,233,0.00215179
1678,398718602.0035,0.197877,16,post_critical,0.881712,平静 (Equanimity),2025565.413112,234,0.00214098
1679,401918603.7342,0.19438,16,post_critical,0.891424,平静 (Equanimity),3200001.730699,235,0.00213484
1680,404781498.6678,0.216287,16,post_critical,0.889146,平静 (Equanimity),2862894.933661,236,0.00204951
1681,406732064.2964,0.21073,16,post_critical,0.887286,平静 (Equanimity),1950565.628526,237,0.00202733
1682,409070430.5505,0.313185,16,post_critical,0.897425,平静 (Equanimity),2338366.254163,238,0.00210663
1683,412092632.3783,0.216909,16,post_critical,0.895304,平静 (Equanimity),3022201.827739,239,0.00210069
1684,415384759.7919,0.2758,16,post_critical,0.882335,平静 (Equanimity),3292127.413637,240,0.00212095
1685,418500879.4278,0.150395,16,post_critical,0.895046,平静 (Equanimity),3116119.635874,241,0.00216944
1686,421710088.9308,0.255312,16,post_critical,0.896218,平静 (Equanimity),3209209.503002,242,0.00214752
1687,425011611.6739,0.179369,16,post_critical,0.900436,平静 (Equanimity),3301522.743137,243,0.00216717
1688,427378638.0055,0.221406,16,post_critical,0.888188,平静 (Equanimity),2367026.331565,244,0.00216317
1689,429673443.624,0.186955,16,post_critical,0.876241,平静 (Equanimity),2294805.618464,245,0.00210443
1690,432247132.1397,0.224386,16,post_critical,0.89982,平静 (Equanimity),2573688.515785,246,0.00206191
1691,434480990.9443,0.220365,16,post_critical,0.888841,平静 (Equanimity),2233858.804588,247,0.0020133
1692,436513897.7984,0.243609,16,post_critical,0.862712,平静 (Equanimity),2032906.854027,248,0.00200484
1693,439097483.5933,0.157531,16,post_critical,0.885023,平静 (Equanimity),2583585.794974,249,0.00203982
1694,441931282.7585,0.199716,16,post_critical,0.89478,平静 (Equanimity),2833799.165174,250,0.00203291
1695,444833005.6746,0.30684,16,post_critical,0.90741,平静 (Equanimity),2901722.916061,251,0.00210835
1696,447099627.3295,0.229004,16,post_critical,0.896992,平静 (Equanimity),2266621.654949,252,0.00205924
1697,450590675.4942,0.252826,16,post_critical,0.879771,平静 (Equanimity),3491048.164708,253,0.00198718
1698,453046253.2249,0.237094,16,post_critical,0.885683,平静 (Equanimity),2455577.730691,254,0.0019812
1699,456070605.7423,0.226883,16,post_critical,0.881004,平静 (Equanimity),3024352.517421,255,0.00195574
1700,459318847.0689,0.243199,16,post_critical,0.869861,平静 (Equanimity),3248241.326522,256,0.0019099
1701,462730142.1548,0.234637,16,post_critical,0.893711,平静 (Equanimity),3411295.085911,257,0.00189588
1702,466595713.3435,0.278062,16,post_critical,0.891638,平静 (Equanimity),3865571.188775,258,0.00187199
1703,469943372.4429,0.270305,16,post_critical,0.897385,平静 (Equanimity),3347659.099348,259,0.00188721
1704,473029716.8511,0.206344,16,post_critical,0.898246,平静 (Equanimity),3086344.408216,260,0.00186935
1705,475580288.1108,0.203872,16,post_critical,0.906361,平静 (Equanimity),2550571.259701,261,0.00187149
1706,478407400.8819,0.239563,16,post_critical,0.876648,平静 (Equanimity),2827112.7711,262,0.00179751
1707,481731303.5675,0.202586,16,post_critical,0.869208,平静 (Equanimity),3323902.685618,263,0.00179615
1708,485422787.4963,0.230145,16,post_critical,0.89721,平静 (Equanimity),3691483.928809,264,0.00178544
1709,489040152.5422,0.267923,16,post_critical,0.891944,平静 (Equanimity),3617365.045869,265,0.00180619
1710,492627764.5952,0.333701,16,post_critical,0.887118,平静 (Equanimity),3587612.052999,266,0.00191993
1711,496137000.7266,0.251522,16,post_critical,0.871068,平静 (Equanimity),3509236.131442,267,0.00190511
1712,499368622.5389,0.1657,16,post_critical,0.876333,平静 (Equanimity),3231621.812252,268,0.00190125
1713,502673851.8024,0.251325,17,post_critical,0.880699,平静 (Equanimity),3305229.263498,0,0.00190308
1714,506266357.7091,0.189073,17,post_critical,0.882275,平静 (Equanimity),3592505.906741,1,0.00191546
1715,508627623.1394,0.220329,17,post_critical,0.882102,平静 (Equanimity),2361265.430231,2,0.00191536
1716,510305936.0518,0.264337,17,post_critical,0.878418,平静 (Equanimity),1678312.912457,3,0.00192509
1717,512163031.998,0.204206,17,post_critical,0.876465,平静 (Equanimity),1857095.946223,4,0.00192358
1718,513780688.8922,0.194814,17,post_critical,0.882458,平静 (Equanimity),1617656.894141,5,0.0018928
1719,515242608.9215,0.280488,17,post_critical,0.875222,平静 (Equanimity),1461920.029368,6,0.00187051
1720,517341274.544,0.295277,17,post_critical,0.892964,平静 (Equanimity),2098665.622453,7,0.00191888
1721,520172579.5739,0.226257,17,post_critical,0.882359,平静 (Equanimity),2831305.029896,8,0.00191825
1722,522080071.3122,0.14161,17,post_critical,0.87735,平静 (Equanimity),1907491.738339,9,0.00189705
1723,524724113.4211,0.374963,17,post_critical,0.875808,平静 (Equanimity),2644042.108911,10,0.00212281
1724,526984433.2687,0.161615,17,post_critical,0.885309,平静 (Equanimity),2260319.847594,11,0.00215438
1725,529385835.0353,0.186866,17,post_critical,0.891094,平静 (Equanimity),2401401.766607,12,0.00214355
1726,532526792.9962,0.274099,17,post_critical,0.890675,平静 (Equanimity),3140957.960817,13,0.0020774
1727,536865337.45,0.216014,17,post_critical,0.88686,平静 (Equanimity),4338544.453877,14,0.00203759
1728,540635339.128,0.282414,17,post_critical,0.865365,平静 (Equanimity),3770001.677949,15,0.00206651
1729,543547164.2736,0.200095,17,post_critical,0.888084,平静 (Equanimity),2911825.14557,16,0.00199187
1730,547865959.6118,0.221118,17,post_critical,0.893718,平静 (Equanimity),4318795.338231,17,0.00197467
1731,551901661.0135,0.199891,17,post_critical,0.881901,平静 (Equanimity),4035701.401735,18,0.00198034
1732,555581790.7551,0.236164,17,post_critical,0.894106,平静 (Equanimity),3680129.741542,19,0.00196111
1733,559183269.2423,0.161774,17,post_critical,0.902155,平静 (Equanimity),3601478.487252,20,0.00199739
1734,563316889.8133,0.226025,17,post_critical,0.865091,平静 (Equanimity),4133620.570957,21,0.0019918
1735,567036919.6224,0.172293,17,post_critical,0.837132,平静 (Equanimity),3720029.809127,22,0.00201925
1736,570754543.485,0.196339,17,post_critical,0.88876,平静 (Equanimity),3717623.862581,23,0.00198359
1737,573588310.9303,0.302046,17,post_critical,0.880149,平静 (Equanimity),2833767.445355,24,0.00203684
1738,577167100.9612,0.24112,17,post_critical,0.88765,平静 (Equanimity),3578790.030898,25,0.00198534
1739,580574854.174,0.157048,17,post_critical,0.880212,平静 (Equanimity),3407753.212801,26,0.0020124
1740,584811794.9338,0.186124,17,post_critical,0.895809,平静 (Equanimity),4236940.759783,27,0.00201637
1741,589732395.7741,0.20432,17,post_critical,0.887156,平静 (Equanimity),4920600.840314,28,0.00202122
1742,594550112.5491,0.222135,17,post_critical,0.863165,平静 (Equanimity),4817716.77499,29,0.00201165
1743,599043044.7812,0.217559,17,post_critical,0.867439,平静 (Equanimity),4492932.232021,30,0.00200894
1744,603377478.9935,0.221479,17,post_critical,0.898297,平静 (Equanimity),4334434.212314,31,0.0019918
1745,607502731.4035,0.182441,17,post_critical,0.894402,平静 (Equanimity),4125252.409996,32,0.00200843
1746,611676524.4173,0.237839,17,post_critical,0.8895,平静 (Equanimity),4173793.013801,33,0.0020082
1747,615075585.8418,0.223451,17,post_critical,0.889354,平静 (Equanimity),3399061.424558,34,0.00200791
1748,619870211.7181,0.277272,17,post_critical,0.882959,平静 (Equanimity),4794625.876298,35,0.00203477
1749,622745473.6814,0.162242,17,post_critical,0.883993,平静 (Equanimity),2875261.963276,36,0.00205729
1750,625613125.235,0.16157,17,post_critical,0.881134,平静 (Equanimity),2867651.553579,37,0.0020946
1751,628980147.688,0.172406,17,post_critical,0.874937,平静 (Equanimity),3367022.453029,38,0.00211654
1752,633464722.0011,0.22233,17,post_critical,0.85018,平静 (Equanimity),4484574.313129,39,0.00210045
1753,637362345.1465,0.198028,17,post_critical,0.877838,平静 (Equanimity),3897623.145352,40,0.0020796
1754,641894550.845,0.250643,17,post_critical,0.878557,平静 (Equanimity),4532205.698508,41,0.00208162
1755,646152989.5903,0.235293,17,post_critical,0.89731,平静 (Equanimity),4258438.745272,42,0.00207729
1756,651255524.3695,0.211369,17,post_critical,0.887688,平静 (Equanimity),5102534.779227,43,0.00197249
1757,656134940.4127,0.255396,17,post_critical,0.891944,平静 (Equanimity),4879416.043204,44,0.0019801
1758,660688544.4629,0.224001,17,post_critical,0.845463,平静 (Equanimity),4553604.050168,45,0.00197623
1759,665272872.7422,0.165257,17,post_critical,0.865057,平静 (Equanimity),4584328.279386,46,0.00200833
1760,670240750.1229,0.227397,17,post_critical,0.879189,平静 (Equanimity),4967877.380659,47,0.00200704
1761,675539739.908,0.184363,17,post_critical,0.895778,平静 (Equanimity),5298989.785065,48,0.00201982
1762,680696829.3222,0.22906,17,post_critical,0.884663,平静 (Equanimity),5157089.414191,49,0.0020183
1763,684543596.0389,0.202655,17,post_critical,0.886502,平静 (Equanimity),3846766.716694,50,0.0019878
1764,688177168.5393,0.151175,17,post_critical,0.887842,平静 (Equanimity),3633572.500408,51,0.00202827
1765,692772751.6223,0.241302,17,post_critical,0.870487,平静 (Equanimity),4595583.083037,52,0.00203197
1766,696576535.0498,0.212018,17,post_critical,0.891115,平静 (Equanimity),3803783.427546,53,0.00197788
1767,702343070.259,0.240821,17,post_critical,0.883212,平静 (Equanimity),5766535.209106,54,0.0019728
1768,706709150.2434,0.206119,17,post_critical,0.893499,平静 (Equanimity),4366079.984446,55,0.00197025
1769,712506491.9511,0.282856,17,post_critical,0.89385,平静 (Equanimity),5797341.707743,56,0.00195536
1770,717879175.4484,0.233268,17,post_critical,0.895107,平静 (Equanimity),5372683.497258,57,0.00194772
1771,723136346.8828,0.253866,17,post_critical,0.875585,平静 (Equanimity),5257171.434443,58,0.00195607
1772,728825764.8439,0.192933,17,post_critical,0.863819,平静 (Equanimity),5689417.961088,59,0.00188553
1773,734355640.6197,0.260969,17,post_critical,0.886693,平静 (Equanimity),5529875.775783,60,0.00189932
1774,740224268.3382,0.178121,17,post_critical,0.880875,平静 (Equanimity),5868627.718446,61,0.00184259
1775,745531923.3312,0.168176,17,post_critical,0.887298,平静 (Equanimity),5307654.993005,62,0.00185447
1776,749892125.3607,0.22339,17,post_critical,0.895322,平静 (Equanimity),4360202.029531,63,0.00182224
1777,754776208.7522,0.19679,17,post_critical,0.872438,平静 (Equanimity),4884083.391479,64,0.00178134
1778,758851895.515,0.297638,17,post_critical,0.894734,平静 (Equanimity),4075686.762819,65,0.00183097
1779,762471508.0496,0.228742,17,post_critical,0.888034,平静 (Equanimity),3619612.53461,66,0.00182273
1780,768037116.7167,0.201316,17,post_critical,0.888014,平静 (Equanimity),5565608.667099,67,0.00182717
1781,774105377.8381,0.284804,17,post_critical,0.889895,平静 (Equanimity),6068261.121353,68,0.00186246
1782,780384055.7531,0.265057,17,post_critical,0.855183,平静 (Equanimity),6278677.915083,69,0.00179985
1783,786033455.151,0.221538,17,post_critical,0.852228,平静 (Equanimity),5649399.397894,70,0.00179943
1784,788737408.6814,0.18098,17,post_critical,0.841114,平静 (Equanimity),2703953.530404,71,0.00178998
1785,790895158.1533,0.163906,17,post_critical,0.843004,平静 (Equanimity),2157749.471848,72,0.00177218
1786,792716652.1182,0.278002,17,post_critical,0.844112,平静 (Equanimity),1821493.964909,73,0.00179191
1787,794429632.9986,0.184392,17,post_critical,0.853489,平静 (Equanimity),1712980.88043,74,0.00178775
1788,796493121.0871,0.217199,17,post_critical,0.884595,平静 (Equanimity),2063488.088458,75,0.00178809
1789,798844269.631,0.165138,17,post_critical,0.864057,平静 (Equanimity),2351148.54387,76,0.00180866
1790,801656750.2931,0.226262,17,post_critical,0.859528,平静 (Equanimity),2812480.662135,77,0.00180874
1791,804318682.0692,0.238129,17,post_critical,0.879868,平静 (Equanimity),2661931.776131,78,0.0018109
1792,807508090.7932,0.232338,17,post_critical,0.88277,平静 (Equanimity),3189408.72401,79,0.00180757
1793,810547627.5491,0.272049,17,post_critical,0.891812,平静 (Equanimity),3039536.755879,80,0.00178707
1794,814995983.0968,0.183735,17,post_critical,0.844796,平静 (Equanimity),4448355.547737,81,0.00179746
1795,817903641.7731,0.272673,17,post_critical,0.887536,平静 (Equanimity),2907658.676253,82,0.00175251
1796,823104161.4318,0.237054,17,post_critical,0.875582,平静 (Equanimity),5200519.658658,83,0.00175399
1797,828637076.001,0.214448,17,post_critical,0.880402,平静 (Equanimity),5532914.569286,84,0.00174636
1798,832431564.1396,0.268013,17,post_critical,0.889409,平静 (Equanimity),3794488.138576,85,0.00176423
1799,837477506.0861,0.183031,17,post_critical,0.881166,平静 (Equanimity),5045941.946515,86,0.00178058
1800,843367922.2084,0.26812,17,post_critical,0.887242,平静 (Equanimity),5890416.122294,87,0.00179661
1801,849678271.7161,0.208764,17,post_critical,0.853258,平静 (Equanimity),6310349.507692,88,0.00179754
1802,854635351.4094,0.327357,17,post_critical,0.888859,平静 (Equanimity),4957079.693314,89,0.00187551
1803,861241338.9029,0.267679,17,post_critical,0.898115,平静 (Equanimity),6605987.493493,90,0.00187314
1804,866946604.1574,0.225817,17,post_critical,0.873829,平静 (Equanimity),5705265.254455,91,0.00187008
1805,872229385.771,0.295537,17,post_critical,0.871533,平静 (Equanimity),5282781.613583,92,0.00191631
1806,878381016.2633,0.213391,17,post_critical,0.855931,平静 (Equanimity),6151630.492312,93,0.00191544
1807,884113572.6948,0.142991,17,post_critical,0.893816,平静 (Equanimity),5732556.431506,94,0.00197694
1808,889943003.7628,0.27978,17,post_critical,0.892631,平静 (Equanimity),5829431.067986,95,0.00200734
1809,896474889.6125,0.16244,17,post_critical,0.875451,平静 (Equanimity),6531885.849741,96,0.00202607
1810,902415834.1903,0.293163,17,post_critical,0.875906,平静 (Equanimity),5940944.577761,97,0.00195302
1811,909522347.9496,0.173862,17,post_critical,0.885792,平静 (Equanimity),7106513.759352,98,0.00196863
1812,916888527.1479,0.237758,17,post_critical,0.887219,平静 (Equanimity),7366179.198317,99,0.00193839
1813,924027562.2989,0.186382,17,post_critical,0.894823,平静 (Equanimity),7139035.150939,100,0.00194345
1814,928995544.3589,0.279537,17,post_critical,0.883488,平静 (Equanimity),4967982.059971,101,0.00196413
1815,934429516.7045,0.252998,17,post_critical,0.894365,平静 (Equanimity),5433972.345624,102,0.00197273
1816,941495249.5437,0.244857,17,post_critical,0.882344,平静 (Equanimity),7065732.839264,103,0.00196064
1817,946408118.3037,0.319631,17,post_critical,0.887133,平静 (Equanimity),4912868.75998,104,0.00204809
1818,951418500.9162,0.214553,17,post_critical,0.904382,平静 (Equanimity),5010382.61246,105,0.00204019
1819,959199806.8667,0.223356,17,post_critical,0.864753,平静 (Equanimity),7781305.950552,106,0.00200888
1820,962841438.0296,0.238069,17,post_critical,0.888988,平静 (Equanimity),3641631.162881,107,0.00196
1821,966800371.587,0.251888,17,post_critical,0.892877,平静 (Equanimity),3958933.55738,108,0.00196783
1822,970792328.9856,0.319206,17,post_critical,0.901089,平静 (Equanimity),3991957.398568,109,0.00198771
1823,975226348.0843,0.257283,17,post_critical,0.893546,平静 (Equanimity),4434019.09877,110,0.00177351
1824,980016090.9326,0.190483,17,post_critical,0.896077,平静 (Equanimity),4789742.848255,111,0.00174544
1825,986026248.0134,0.260312,17,post_critical,0.883611,平静 (Equanimity),6010157.0808,112,0.0017431
1826,990182654.439,0.220082,17,post_critical,0.887757,平静 (Equanimity),4156406.425578,113,0.00171954
1827,995817183.1457,0.263146,17,post_critical,0.899881,平静 (Equanimity),5634528.706699,114,0.00173305
1828,1002958056.2498,0.259805,18,post_critical,0.877697,平静 (Equanimity),7140873.104138,0,0.00171237
1829,1010889806.7076,0.219992,18,post_critical,0.860173,平静 (Equanimity),7931750.457763,1,0.00170628
1830,1018475638.2429,0.251,18,post_critical,0.87694,平静 (Equanimity),7585831.535305,2,0.00171253
1831,1025192178.0538,0.254663,18,post_critical,0.890303,平静 (Equanimity),6716539.81098,3,0.0017139
1832,1033654451.0392,0.186541,18,post_critical,0.88724,平静 (Equanimity),8462272.985318,4,0.00172849
1833,1040686782.3727,0.245507,18,post_critical,0.877623,平静 (Equanimity),7032331.333511,5,0.00169068
1834,1044706295.4963,0.173499,18,post_critical,0.895126,平静 (Equanimity),4019513.123658,6,0.00171863
1835,1049371962.9655,0.2451,18,post_critical,0.889343,平静 (Equanimity),4665667.46916,7,0.00169275
1836,1054059152.0072,0.179739,18,post_critical,0.875408,平静 (Equanimity),4687189.041695,8,0.0017056
1837,1059749301.1812,0.244937,18,post_critical,0.890294,平静 (Equanimity),5690149.173991,9,0.0016518
1838,1065797453.26,0.183936,18,post_critical,0.883448,平静 (Equanimity),6048152.078816,10,0.001667
1839,1072940720.3251,0.198195,18,post_critical,0.863865,平静 (Equanimity),7143267.06513,11,0.0016274
1840,1080500040.8116,0.232952,18,post_critical,0.863455,平静 (Equanimity),7559320.486518,12,0.00161182
1841,1087760093.8932,0.156821,18,post_critical,0.867436,平静 (Equanimity),7260053.081561,13,0.00165514
1842,1095355340.1288,0.18483,18,post_critical,0.861857,平静 (Equanimity),7595246.235572,14,0.00167175
1843,1101179765.717,0.201484,18,post_critical,0.865743,平静 (Equanimity),5824425.588256,15,0.00167689
1844,1109379733.0959,0.183933,18,post_critical,0.85439,平静 (Equanimity),8199967.378819,16,0.00169379
1845,1117443705.3685,0.191125,18,post_critical,0.884382,平静 (Equanimity),8063972.272608,17,0.00168714
1846,1125643183.6404,0.199588,18,post_critical,0.876,平静 (Equanimity),8199478.271948,18,0.00169189
1847,1133805657.3507,0.233398,18,post_critical,0.891284,平静 (Equanimity),8162473.71034,19,0.00169261
1848,1143031518.4353,0.24966,18,post_critical,0.889812,平静 (Equanimity),9225861.084523,20,0.0016712
1849,1150456936.1379,0.228203,18,post_critical,0.888731,平静 (Equanimity),7425417.702619,21,0.00163207
1850,1157577097.0616,0.224884,18,post_critical,0.900824,平静 (Equanimity),7120160.923722,22,0.00159117
1851,1164672855.095,0.233951,18,post_critical,0.896799,平静 (Equanimity),7095758.033366,23,0.00156288
1852,1171908489.6145,0.282236,18,post_critical,0.885383,平静 (Equanimity),7235634.519565,24,0.00159346
1853,1178980947.4211,0.189683,18,post_critical,0.876879,平静 (Equanimity),7072457.806557,25,0.001599
1854,1186463014.9014,0.274624,18,post_critical,0.8848,平静 (Equanimity),7482067.480301,26,0.00161604
1855,1195458202.7925,0.213006,18,post_critical,0.893539,平静 (Equanimity),8995187.89113,27,0.00161736
1856,1203368841.9519,0.17602,18,post_critical,0.884646,平静 (Equanimity),7910639.159351,28,0.00164078
1857,1212343460.5282,0.238404,18,post_critical,0.879164,平静 (Equanimity),8974618.576285,29,0.00163386
1858,1216542177.4002,0.282365,18,post_critical,0.876566,平静 (Equanimity),4198716.872078,30,0.0016647
1859,1220275243.8826,0.283605,18,post_critical,0.887924,平静 (Equanimity),3733066.482366,31,0.00165709
1860,1224490506.17,0.252063,18,post_critical,0.877705,平静 (Equanimity),4215262.287436,32,0.0016627
1861,1230659844.0898,0.24053,18,post_critical,0.879725,平静 (Equanimity),6169337.919725,33,0.00164436
1862,1238567357.5557,0.279513,18,post_critical,0.88108,平静 (Equanimity),7907513.465916,34,0.00166958
1863,1245647150.9271,0.17866,18,post_critical,0.892482,平静 (Equanimity),7079793.371401,35,0.00168819
1864,1255420830.5463,0.224984,18,post_critical,0.881983,平静 (Equanimity),9773679.619238,36,0.00162678
1865,1264807987.2113,0.222971,18,post_critical,0.887457,平静 (Equanimity),9387156.664994,37,0.00162598
1866,1274893462.1684,0.254902,18,post_critical,0.89323,平静 (Equanimity),10085474.957125,38,0.00162888
1867,1284430070.8045,0.276971,18,post_critical,0.852851,平静 (Equanimity),9536608.636052,39,0.00164942
1868,1293862938.387,0.271282,18,post_critical,0.889628,平静 (Equanimity),9432867.582531,40,0.00165948
1869,1304167591.1861,0.30622,18,post_critical,0.88366,平静 (Equanimity),10304652.799025,41,0.00168897
1870,1313653821.6279,0.221764,18,post_critical,0.869694,平静 (Equanimity),9486230.441807,42,0.00168989
1871,1321931157.5686,0.244987,18,post_critical,0.891832,平静 (Equanimity),8277335.940696,43,0.00168668
1872,1332318149.5184,0.156603,18,post_critical,0.903102,平静 (Equanimity),10386991.949804,44,0.00172765
1873,1342427833.354,0.276192,18,post_critical,0.9028,平静 (Equanimity),10109683.835674,45,0.00173908
1874,1353624880.5125,0.217567,18,post_critical,0.865826,平静 (Equanimity),11197047.158506,46,0.00171267
1875,1363849162.2238,0.256741,18,post_critical,0.888,平静 (Equanimity),10224281.711295,47,0.00167812
1876,1374042365.4333,0.199091,18,post_critical,0.868401,平静 (Equanimity),10193203.209423,48,0.00168834
1877,1382359310.5201,0.2386,18,post_critical,0.863889,平静 (Equanimity),8316945.086805,49,0.00167607
1878,1386959874.5511,0.2859,18,post_critical,0.870237,平静 (Equanimity),4600564.031047,50,0.00166216
1879,1392193496.1711,0.1174,18,post_critical,0.887192,平静 (Equanimity),5233621.61999,51,0.00179318
1880,1398838512.6643,0.268187,18,post_critical,0.871415,平静 (Equanimity),6645016.493197,52,0.00179728
1881,1409291036.0225,0.162657,18,post_critical,0.887207,平静 (Equanimity),10452523.358236,53,0.00181604
1882,1415690052.8111,0.175754,18,post_critical,0.871714,平静 (Equanimity),6399016.788588,54,0.00183381
1883,1421919796.6291,0.187369,18,post_critical,0.860067,平静 (Equanimity),6229743.817967,55,0.00185108
1884,1430632718.5841,0.220791,18,post_critical,0.872412,平静 (Equanimity),8712921.954961,56,0.00182809
1885,1438558753.5209,0.211126,18,post_critical,0.868719,平静 (Equanimity),7926034.936893,57,0.00178778
1886,1447810388.6698,0.24895,18,post_critical,0.863124,平静 (Equanimity),9251635.148832,58,0.0017685
1887,1456790570.9123,0.151904,18,post_critical,0.89577,平静 (Equanimity),8980182.242544,59,0.00180867
1888,1466623541.2066,0.196215,18,post_critical,0.900405,平静 (Equanimity),9832970.294297,60,0.00181833
1889,1477901559.3755,0.213043,18,post_critical,0.890037,平静 (Equanimity),11278018.168921,61,0.00177928
1890,1487292832.7098,0.226119,18,post_critical,0.882513,平静 (Equanimity),9391273.33426,62,0.00177929
1891,1498677963.9322,0.294767,18,post_critical,0.875998,平静 (Equanimity),11385131.222448,63,0.00182016
1892,1504699785.368,0.195475,18,post_critical,0.867449,平静 (Equanimity),6021821.435735,64,0.00183237
1893,1509130818.2254,0.245551,18,post_critical,0.856502,平静 (Equanimity),4431032.857429,65,0.00181719
1894,1514764687.5064,0.180989,18,post_critical,0.876207,平静 (Equanimity),5633869.281029,66,0.0018198
1895,1519596894.169,0.222257,18,post_critical,0.87112,平静 (Equanimity),4832206.662582,67,0.00180193
1896,1524072984.1921,0.252153,18,post_critical,0.871001,平静 (Equanimity),4476090.023089,68,0.00180647
1897,1529448278.7105,0.202264,18,post_critical,0.882154,平静 (Equanimity),5375294.518423,69,0.00181164
1898,1536252980.3032,0.237358,18,post_critical,0.881753,平静 (Equanimity),6804701.592688,70,0.00179735
1899,1542128849.1806,0.168824,18,post_critical,0.881711,平静 (Equanimity),5875868.877405,71,0.00181246
1900,1549505281.5133,0.163977,18,post_critical,0.886469,平静 (Equanimity),7376432.33267,72,0.0018385
1901,1559316756.9622,0.250277,18,post_critical,0.873897,平静 (Equanimity),9811475.448936,73,0.00183957
1902,1569709892.0229,0.199398,18,post_critical,0.875392,平静 (Equanimity),10393135.060703,74,0.00174852
1903,1577740365.3628,0.221075,18,post_critical,0.885072,平静 (Equanimity),8030473.339865,75,0.00173226
1904,1584722451.9151,0.281964,18,post_critical,0.878279,平静 (Equanimity),6982086.552275,76,0.00176248
1905,1593144863.5487,0.204161,18,post_critical,0.864916,平静 (Equanimity),8422411.633658,77,0.00172036
1906,1599434779.4068,0.233995,18,post_critical,0.886742,平静 (Equanimity),6289915.858054,78,0.00171923
1907,1608355948.5037,0.293378,18,post_critical,0.882918,平静 (Equanimity),8921169.096864,79,0.0016918
1908,1620091786.6318,0.229713,18,post_critical,0.871297,平静 (Equanimity),11735838.1281,80,0.00166482
1909,1626012305.3122,0.274505,18,post_critical,0.842224,平静 (Equanimity),5920518.680413,81,0.00164322
1910,1632661031.1691,0.26508,18,post_critical,0.88184,平静 (Equanimity),6648725.856958,82,0.0016148
1911,1644054266.5657,0.223176,18,post_critical,0.86918,平静 (Equanimity),11393235.396585,83,0.0015851
1912,1651400578.4043,0.257776,18,post_critical,0.887047,平静 (Equanimity),7346311.838594,84,0.00159261
1913,1662123178.6164,0.168477,18,post_critical,0.892283,平静 (Equanimity),10722600.212103,85,0.00161108
1914,1670349157.784,0.258851,18,post_critical,0.89742,平静 (Equanimity),8225979.16761,86,0.00159437
1915,1680824674.2363,0.215034,18,post_critical,0.885464,平静 (Equanimity),10475516.452266,87,0.00159019
1916,1694473334.1596,0.176978,18,post_critical,0.890935,平静 (Equanimity),13648659.923345,88,0.00161336
1917,1707434168.9198,0.179856,18,post_critical,0.89231,平静 (Equanimity),12960834.760176,89,0.00154962
1918,1718591792.5492,0.239484,18,post_critical,0.86888,平静 (Equanimity),11157623.629363,90,0.00154994
1919,1729523901.1196,0.202587,18,post_critical,0.843606,平静 (Equanimity),10932108.570457,91,0.00155552
1920,1736577330.9038,0.188392,18,post_critical,0.859651,平静 (Equanimity),7053429.784199,92,0.00156824
1921,1742364312.6011,0.273576,18,post_critical,0.845979,平静 (Equanimity),5786981.6973,93,0.00158422
1922,1748450188.8729,0.224073,18,post_critical,0.863289,平静 (Equanimity),6085876.271752,94,0.00149649
1923,1755444281.2944,0.23973,18,post_critical,0.884995,平静 (Equanimity),6994092.421499,95,0.00148822
1924,1764786109.9315,0.188274,18,post_critical,0.865428,平静 (Equanimity),9341828.63717,96,0.00148979
1925,1774473723.7461,0.150672,18,post_critical,0.878076,平静 (Equanimity),9687613.814522,97,0.00153105
1926,1782540655.6694,0.16034,18,post_critical,0.870414,平静 (Equanimity),8066931.923375,98,0.00157078
1927,1791066409.9452,0.233888,18,post_critical,0.869816,平静 (Equanimity),8525754.275726,99,0.00155586
1928,1802408785.6373,0.218701,18,post_critical,0.877163,平静 (Equanimity),11342375.692128,100,0.00154222
1929,1809268272.3398,0.235584,18,post_critical,0.872084,平静 (Equanimity),6859486.702553,101,0.00154386
1930,1818308574.8849,0.328161,18,post_critical,0.879462,平静 (Equanimity),9040302.545089,102,0.00164661
1931,1826259226.3577,0.195087,18,post_critical,0.880432,平静 (Equanimity),7950651.472785,103,0.00164448
1932,1836975091.8837,0.181187,18,post_critical,0.888078,平静 (Equanimity),10715865.525968,104,0.00164864
1933,1849043367.9681,0.187308,18,post_critical,0.87357,平静 (Equanimity),12068276.084413,105,0.00165567
1934,1863374982.2077,0.219206,18,post_critical,0.877208,平静 (Equanimity),14331614.239621,106,0.00163188
1935,1878105739.7923,0.244866,18,post_critical,0.877918,平静 (Equanimity),14730757.584569,107,0.00163177
1936,1890622859.9914,0.212058,18,post_critical,0.883258,平静 (Equanimity),12517120.199157,108,0.0016144
1937,1901257078.2058,0.230386,18,post_critical,0.877047,平静 (Equanimity),10634218.214334,109,0.00161009
1938,1915850364.9629,0.253107,18,post_critical,0.879469,平静 (Equanimity),14593286.757121,110,0.00160371
1939,1930758444.0329,0.269713,18,post_critical,0.877284,平静 (Equanimity),14908079.070018,111,0.00161818
1940,1942119025.2371,0.229874,18,post_critical,0.8932,平静 (Equanimity),11360581.204223,112,0.00161774
1941,1950525338.1537,0.24672,18,post_critical,0.884768,平静 (Equanimity),8406312.916547,113,0.00157666
1942,1962680054.7615,0.303379,18,post_critical,0.895603,平静 (Equanimity),12154716.60779,114,0.00162041
1943,1978420226.956,0.252492,18,post_critical,0.887468,平静 (Equanimity),15740172.194551,115,0.0016209
1944,1991663625.5665,0.262055,18,post_critical,0.874785,平静 (Equanimity),13243398.610508,116,0.00161441
1945,2003706685.2417,0.156056,18,post_critical,0.884719,平静 (Equanimity),12043059.675205,117,0.00165212
1946,2015455567.2977,0.169489,18,post_critical,0.894229,平静 (Equanimity),11748882.056005,118,0.00167771
1947,2028440513.3436,0.272892,18,post_critical,0.845093,平静 (Equanimity),12984946.045846,119,0.00169829
1948,2034647248.4773,0.238743,18,post_critical,0.863167,平静 (Equanimity),6206735.133679,120,0.00169458
1949,2041463747.5108,0.233145,18,post_critical,0.863089,平静 (Equanimity),6816499.033566,121,0.00169493
1950,2051288972.5049,0.207293,18,post_critical,0.87871,平静 (Equanimity),9825224.9941,122,0.00169881
1951,2060552872.7995,0.191712,18,post_critical,0.906011,平静 (Equanimity),9263900.29457,123,0.00171065
1952,2070813189.1335,0.179768,18,post_critical,0.875183,平静 (Equanimity),10260316.333971,124,0.00170063
1953,2085241593.9334,0.264424,18,post_critical,0.892139,平静 (Equanimity),14428404.799921,125,0.00170224
1954,2101285295.4509,0.244526,18,post_critical,0.844354,平静 (Equanimity),16043701.517478,126,0.00168215
1955,2111877912.5049,0.152405,18,post_critical,0.868206,平静 (Equanimity),10592617.054026,127,0.00173431
1956,2123433621.4455,0.3069,18,post_critical,0.876209,平静 (Equanimity),11555708.940629,128,0.00177453
1957,2129573644.6722,0.252257,18,post_critical,0.863233,平静 (Equanimity),6140023.226635,129,0.00177966
1958,2134383949.8819,0.220312,18,post_critical,0.883484,平静 (Equanimity),4810305.20974,130,0.00174893
1959,2140883797.5822,0.26581,18,post_critical,0.887203,平静 (Equanimity),6499847.700321,131,0.00173166
1960,2147686469.318,0.14622,18,post_critical,0.883458,平静 (Equanimity),6802671.735759,132,0.00178758
1961,2155003887.0248,0.238714,18,post_critical,0.886218,平静 (Equanimity),7317417.706827,133,0.00178705
1962,2162850096.5,0.151348,18,post_critical,0.872801,平静 (Equanimity),7846209.475152,134,0.00180997
1963,2170595627.2495,0.258709,18,post_critical,0.870055,平静 (Equanimity),7745530.749575,135,0.00180125
1964,2178977095.147,0.212361,18,post_critical,0.892087,平静 (Equanimity),8381467.897497,136,0.00180272
1965,2190581931.2356,0.266997,18,post_critical,0.880717,平静 (Equanimity),11604836.088528,137,0.00182064
1966,2200277127.6829,0.207226,18,post_critical,0.885551,平静 (Equanimity),9695196.447365,138,0.00181449
1967,2206004238.6703,0.170952,18,post_critical,0.859972,平静 (Equanimity),5727110.987321,139,0.00181423
1968,2212759015.9358,0.216554,18,post_critical,0.871219,平静 (Equanimity),6754777.265498,140,0.00179137
1969,2218298966.3919,0.293883,18,post_critical,0.87489,平静 (Equanimity),5539950.456172,141,0.00177228
1970,2225478881.19,0.167373,18,post_critical,0.882271,平静 (Equanimity),7179914.798109,142,0.00180252
1971,2234122494.252,0.209866,18,post_critical,0.882829,平静 (Equanimity),8643613.062013,143,0.00179866
1972,2245127691.8031,0.233767,18,post_critical,0.886723,平静 (Equanimity),11005197.551006,144,0.00175707
1973,2259542744.7332,0.217703,18,post_critical,0.866782,平静 (Equanimity),14415052.930168,145,0.00172815
1974,2276643407.4658,0.198822,18,post_critical,0.882036,平静 (Equanimity),17100662.732553,146,0.00173327
1975,2294422887.0768,0.324979,18,post_critical,0.879991,平静 (Equanimity),17779479.611055,147,0.00182713
1976,2301447518.3412,0.250893,18,post_critical,0.881726,平静 (Equanimity),7024631.264383,148,0.00182952
1977,2310301709.3878,0.130036,18,post_critical,0.853478,平静 (Equanimity),8854191.046569,149,0.00191221
1978,2316946977.3634,0.219202,18,post_critical,0.875697,平静 (Equanimity),6645267.975584,150,0.00187082
1979,2323743775.121,0.227859,18,post_critical,0.872417,平静 (Equanimity),6796797.757683,151,0.00176232
1980,2330997487.0471,0.254003,18,post_critical,0.871648,平静 (Equanimity),7253711.926039,152,0.00175129
1981,2340709490.9779,0.235989,18,post_critical,0.892027,平静 (Equanimity),9712003.930779,153,0.00171727
1982,2356864501.3034,0.154873,18,post_critical,0.877559,平静 (Equanimity),16155010.325572,154,0.00174127
1983,2374731484.5345,0.226961,18,post_critical,0.899411,平静 (Equanimity),17866983.231056,155,0.00172883
1984,2393186218.7425,0.228384,18,post_critical,0.89227,平静 (Equanimity),18454734.208038,156,0.00172905
1985,2411904686.8403,0.258546,18,post_critical,0.881348,平静 (Equanimity),18718468.097789,157,0.00173991
1986,2426655190.1524,0.294713,18,post_critical,0.896265,平静 (Equanimity),14750503.312042,158,0.00178383
1987,2444944327.9769,0.217297,18,post_critical,0.892202,平静 (Equanimity),18289137.824519,159,0.00173176
1988,2454179038.9532,0.210174,18,post_critical,0.893141,平静 (Equanimity),9234710.976323,160,0.00172573
1989,2467412329.2715,0.168796,18,post_critical,0.841356,平静 (Equanimity),13233290.318278,161,0.00175558
1990,2475928511.6481,0.234442,18,post_critical,0.83544,平静 (Equanimity),8516182.376595,162,0.00175655
1991,2479611805.8228,0.240098,18,post_critical,0.840996,平静 (Equanimity),3683294.174718,163,0.00170932
1992,2483727944.7567,0.209242,18,post_critical,0.85496,平静 (Equanimity),4116138.933888,164,0.00170336
1993,2488745587.3346,0.192514,18,post_critical,0.854429,平静 (Equanimity),5017642.57796,165,0.00170846
1994,2494413165.8115,0.240068,18,post_critical,0.872626,平静 (Equanimity),5667578.476901,166,0.00169269
1995,2503704703.2653,0.121514,18,post_critical,0.892855,平静 (Equanimity),9291537.453797,167,0.00179702
1996,2516098846.9273,0.218636,18,post_critical,0.882427,平静 (Equanimity),12394143.661929,168,0.0017887
1997,2526734079.4288,0.246656,18,post_critical,0.873013,平静 (Equanimity),10635232.50148,169,0.00178996
1998,2534087791.2415,0.250273,18,post_critical,0.88512,平静 (Equanimity),7353711.812769,170,0.00179525
1999,2541690219.4591,0.314546,18,post_critical,0.879801,平静 (Equanimity),7602428.217568,171,0.00184642
2000,2548939219.2063,0.19945,18,post_critical,0.880518,平静 (Equanimity),7248999.747217,172,0.00181569
2001,2555897412.9972,0.170905,18,post_critical,0.866457,平静 (Equanimity),6958193.790872,173,0.00183826
2002,2562225364.6815,0.224743,18,post_critical,0.880891,平静 (Equanimity),6327951.684351,174,0.00183194
2003,2569843346.2258,0.225388,18,post_critical,0.875416,平静 (Equanimity),7617981.544282,175,0.00183182
2004,2578014283.079,0.202385,18,post_critical,0.861432,平静 (Equanimity),8170936.853228,176,0.00180339
2005,2586640272.5754,0.214008,18,post_critical,0.865286,平静 (Equanimity),8625989.496367,177,0.00180046
2006,2597181413.1897,0.273075,18,post_critical,0.882486,平静 (Equanimity),10541140.614306,178,0.00182338
2007,2609755091.0857,0.204263,18,post_critical,0.840527,平静 (Equanimity),12573677.896006,179,0.00177907
2008,2627963622.1908,0.258486,18,post_critical,0.889851,平静 (Equanimity),18208531.10508,180,0.00179083
2009,2643268794.2776,0.224736,18,post_critical,0.882301,平静 (Equanimity),15305172.086814,181,0.00176489
2010,2651610104.8067,0.248918,18,post_critical,0.890103,平静 (Equanimity),8341310.529102,182,0.00175397
2011,2659551194.1809,0.219265,18,post_critical,0.878813,平静 (Equanimity),7941089.37414,183,0.00175412
2012,2668929012.3661,0.222197,18,post_critical,0.882044,平静 (Equanimity),9377818.185264,184,0.00174198
2013,2678742460.3291,0.178417,18,post_critical,0.882807,平静 (Equanimity),9813447.962981,185,0.00173217
2014,2688682421.6449,0.264791,18,post_critical,0.875742,平静 (Equanimity),9939961.315831,186,0.0017368
2015,2698751804.2921,0.257709,18,post_critical,0.885717,平静 (Equanimity),10069382.647124,187,0.00174811
2016,2711661446.0827,0.306872,18,post_critical,0.890536,平静 (Equanimity),12909641.790681,188,0.00179472
2017,2729027765.0203,0.205462,18,post_critical,0.877659,平静 (Equanimity),17366318.937568,189,0.00177828
2018,2741846996.888,0.248861,18,post_critical,0.8942,平静 (Equanimity),12819231.867698,190,0.00178188
2019,2751412132.3343,0.258337,18,post_critical,0.892123,平静 (Equanimity),9565135.446278,191,0.00178768
2020,2761816462.2311,0.231764,18,post_critical,0.902278,平静 (Equanimity),10404329.896793,192,0.00177408
2021,2774547946.5318,0.222898,18,post_critical,0.885588,平静 (Equanimity),12731484.300773,193,0.00175126
2022,2781745396.8043,0.300158,18,post_critical,0.883145,平静 (Equanimity),7197450.272409,194,0.00180645
2023,2787824490.6225,0.224376,18,post_critical,0.881055,平静 (Equanimity),6079093.818242,195,0.00180464
2024,2792407025.5,0.214105,18,post_critical,0.871749,平静 (Equanimity),4582534.877527,196,0.00179171
2025,2797859467.92,0.13763,18,post_critical,0.869449,平静 (Equanimity),5452442.420003,197,0.00181313
2026,2804248912.8691,0.236663,18,post_critical,0.879922,平静 (Equanimity),6389444.94905,198,0.00177027
2027,2812203375.989,0.235872,18,post_critical,0.89238,平静 (Equanimity),7954463.119965,199,0.00177058
2028,2821058552.4824,0.175362,18,post_critical,0.854255,平静 (Equanimity),8855176.493372,200,0.00179636
2029,2827112671.3654,0.2495,18,post_critical,0.853169,平静 (Equanimity),6054118.882954,201,0.00180079
2030,2832188918.2002,0.264886,18,post_critical,0.861448,平静 (Equanimity),5076246.83482,202,0.00171201
2031,2839330308.1267,0.2676,18,post_critical,0.888883,平静 (Equanimity),7141389.926556,203,0.00171915
2032,2851443015.4902,0.23642,18,post_critical,0.872474,平静 (Equanimity),12112707.363501,204,0.00169899
2033,2870070365.5508,0.232371,18,post_critical,0.895466,平静 (Equanimity),18627350.060514,205,0.00168301
2034,2889667474.4109,0.26097,18,post_critical,0.901035,平静 (Equanimity),19597108.860187,206,0.00169311
2035,2912020354.1423,0.270326,18,post_critical,0.896038,平静 (Equanimity),22352879.731349,207,0.00170802
2036,2927809746.1555,0.212024,18,post_critical,0.891868,平静 (Equanimity),15789392.013207,208,0.00170803
2037,2942280643.8783,0.189608,18,post_critical,0.899833,平静 (Equanimity),14470897.722839,209,0.00172292
2038,2961886992.63,0.271019,18,post_critical,0.896983,平静 (Equanimity),19606348.751705,210,0.00173507
2039,2975951731.5513,0.19264,18,post_critical,0.89564,平静 (Equanimity),14064738.921241,211,0.00172993
2040,2992698377.0472,0.282729,18,post_critical,0.869497,平静 (Equanimity),16746645.495965,212,0.00176014
2041,3011733250.7891,0.209465,18,post_critical,0.891249,平静 (Equanimity),19034873.741817,213,0.00175993
2042,3031840560.5661,0.22881,18,post_critical,0.887458,平静 (Equanimity),20107309.77703,214,0.00170198
2043,3054673887.7324,0.280344,18,post_critical,0.900626,平静 (Equanimity),22833327.166344,215,0.00172394
2044,3078202134.2521,0.275779,18,post_critical,0.881477,平静 (Equanimity),23528246.51961,216,0.00173538
2045,3099651020.884,0.203458,18,post_critical,0.896071,平静 (Equanimity),21448886.631982,217,0.0016901
2046,3115948185.2517,0.286279,18,post_critical,0.900558,平静 (Equanimity),16297164.367709,218,0.00168903
2047,3134339357.7177,0.243666,18,post_critical,0.857023,平静 (Equanimity),18391172.466,219,0.00167179
2048,3144582553.6776,0.1371,18,post_critical,0.861735,平静 (Equanimity),10243195.959833,220,0.00175352
2049,3154353272.0267,0.209236,18,post_critical,0.873866,平静 (Equanimity),9770718.349121,221,0.00175653
2050,3165251653.7564,0.226299,18,post_critical,0.880219,平静 (Equanimity),10898381.729662,222,0.00175247
2051,3177124451.0104,0.247445,18,post_critical,0.871542,平静 (Equanimity),11872797.254071,223,0.00174326
2052,3188246303.3845,0.216474,18,post_critical,0.880414,平静 (Equanimity),11121852.374078,224,0.0017211
2053,3202662096.3986,0.184989,18,post_critical,0.877784,平静 (Equanimity),14415793.0141,225,0.00172648
2054,3216444637.5895,0.194552,18,post_critical,0.871828,平静 (Equanimity),13782541.190865,226,0.00173439
2055,3230303781.3653,0.200429,18,post_critical,0.86789,平静 (Equanimity),13859143.775846,227,0.00168538
2056,3247774145.1091,0.233734,18,post_critical,0.893877,平静 (Equanimity),17470363.743806,228,0.00162245
2057,3271995007.2719,0.2207,18,post_critical,0.895117,平静 (Equanimity),24220862.162821,229,0.00161634
2058,3299441368.6727,0.290498,18,post_critical,0.875727,平静 (Equanimity),27446361.400733,230,0.00165623
2059,3325397323.3113,0.178054,18,post_critical,0.881748,平静 (Equanimity),25955954.638605,231,0.00166495
2060,3343441628.4978,0.258549,18,post_critical,0.874505,平静 (Equanimity),18044305.186505,232,0.0016096
2061,3359895933.4586,0.228261,18,post_critical,0.89661,平静 (Equanimity),16454304.960803,233,0.00160836
2062,3381696294.5699,0.237316,18,post_critical,0.867683,平静 (Equanimity),21800361.111288,234,0.00155063
2063,3402039081.3045,0.223426,18,post_critical,0.889011,平静 (Equanimity),20342786.734583,235,0.00154152
2064,3423890148.0754,0.219525,18,post_critical,0.872888,平静 (Equanimity),21851066.77098,236,0.00153979
2065,3450252273.4422,0.256348,18,post_critical,0.897626,平静 (Equanimity),26362125.366741,237,0.00153262
2066,3469478876.8312,0.1733,18,post_critical,0.892032,平静 (Equanimity),19226603.388976,238,0.00155808
2067,3495836902.1194,0.225768,18,post_critical,0.888936,平静 (Equanimity),26358025.288196,239,0.00152571
2068,3520849146.945,0.210153,18,post_critical,0.886456,平静 (Equanimity),25012244.825609,240,0.0015276
2069,3549525802.1466,0.228949,18,post_critical,0.880011,平静 (Equanimity),28676655.201656,241,0.0014839
2070,3577832752.9076,0.274255,18,post_critical,0.885174,平静 (Equanimity),28306950.761029,242,0.00146859
2071,3603286112.8329,0.230124,18,post_critical,0.883767,平静 (Equanimity),25453359.92526,243,0.0014651
2072,3630965723.1413,0.261705,18,post_critical,0.897178,平静 (Equanimity),27679610.308393,244,0.00147565
2073,3654298489.1316,0.167531,18,post_critical,0.887766,平静 (Equanimity),23332765.990273,245,0.0015119
2074,3683199553.7181,0.161746,18,post_critical,0.873603,平静 (Equanimity),28901064.586508,246,0.00154751
2075,3710820105.8271,0.200645,18,post_critical,0.846427,平静 (Equanimity),27620552.108977,247,0.0014597
2076,3734574693.0677,0.215986,18,post_critical,0.873548,平静 (Equanimity),23754587.240671,248,0.001455
2077,3763751733.1618,0.226772,18,post_critical,0.869244,平静 (Equanimity),29177040.094069,249,0.00136095
2078,3789668073.2431,0.224537,18,post_critical,0.857197,平静 (Equanimity),25916340.081316,250,0.00136035
2079,3815911472.3057,0.291603,18,post_critical,0.864561,平静 (Equanimity),26243399.062614,251,0.00140097
2080,3842281443.3729,0.153557,18,post_critical,0.866884,平静 (Equanimity),26369971.06719,252,0.00144899
2081,3862273003.3017,0.194289,18,post_critical,0.86394,平静 (Equanimity),19991559.928748,253,0.00145886
2082,3884435753.1982,0.279903,18,post_critical,0.857089,平静 (Equanimity),22162749.896562,254,0.00143385
2083,3910060355.3765,0.216304,18,post_critical,0.872701,平静 (Equanimity),25624602.178265,255,0.0014352
2084,3932962140.283,0.133716,18,post_critical,0.898728,平静 (Equanimity),22901784.906552,256,0.00152303
2085,3963559494.5144,0.254361,18,post_critical,0.880278,平静 (Equanimity),30597354.23133,257,0.00152056
2086,3991044912.8347,0.252558,18,post_critical,0.887976,平静 (Equanimity),27485418.320295,258,0.00148099
2087,4018817023.8264,0.247427,18,post_critical,0.884608,平静 (Equanimity),27772110.991742,259,0.00148443
2088,4050497907.5579,0.260121,18,post_critical,0.874831,平静 (Equanimity),31680883.731532,260,0.00149252
2089,4067789578.9273,0.226231,18,post_critical,0.883238,平静 (Equanimity),17291671.369366,261,0.00145798
2090,4091909207.9657,0.155983,18,post_critical,0.877815,平静 (Equanimity),24119629.038368,262,0.00150861
2091,4114432060.7236,0.206281,18,post_critical,0.878971,平静 (Equanimity),22522852.757962,263,0.00151114
2092,4144665161.873,0.146408,18,post_critical,0.887491,平静 (Equanimity),30233101.149405,264,0.00157223
2093,4177228439.8712,0.20713,18,post_critical,0.857936,平静 (Equanimity),32563277.998165,265,0.00156452
2094,4199985278.1432,0.248376,18,post_critical,0.871785,平静 (Equanimity),22756838.272007,266,0.00156749
2095,4224636284.1858,0.210632,18,post_critical,0.885539,平静 (Equanimity),24651006.042561,267,0.00145926
2096,4256139258.9616,0.244734,18,post_critical,0.861314,平静 (Equanimity),31502974.775823,268,0.00146151
2097,4283823075.6534,0.20236,18,post_critical,0.856682,平静 (Equanimity),27683816.691798,269,0.00146397
2098,4300385965.8022,0.248239,18,post_critical,0.871696,平静 (Equanimity),16562890.14885,270,0.00146307
2099,4313049465.5936,0.208441,18,post_critical,0.873878,平静 (Equanimity),12663499.791306,271,0.00138883
2100,4326741345.7977,0.272513,18,post_critical,0.869059,平静 (Equanimity),13691880.204192,272,0.00140291
2101,4339894795.4214,0.186474,18,post_critical,0.874556,平静 (Equanimity),13153449.623679,273,0.00138793
2102,4358440349.6672,0.267947,18,post_critical,0.884683,平静 (Equanimity),18545554.245801,274,0.00140458
2103,4374472120.4126,0.270453,18,post_critical,0.879335,平静 (Equanimity),16031770.745341,275,0.00142296
2104,4385594951.0311,0.305178,18,post_critical,0.873075,平静 (Equanimity),11122830.61858,276,0.00147542
2105,4393783334.1737,0.232663,18,post_critical,0.873596,平静 (Equanimity),8188383.142559,277,0.00147336
2106,4403856533.0985,0.163497,18,post_critical,0.859621,平静 (Equanimity),10073198.924782,278,0.00149556
2107,4417331393.0995,0.240958,18,post_critical,0.867112,平静 (Equanimity),13474860.000964,279,0.00149156
2108,4430626301.6769,0.220507,18,post_critical,0.866551,平静 (Equanimity),13294908.577439,280,0.00148287
2109,4443763458.8885,0.208888,18,post_critical,0.863718,平静 (Equanimity),13137157.21156,281,0.00148634
2110,4459049236.6101,0.258052,18,post_critical,0.840225,平静 (Equanimity),15285777.721632,282,0.00149104
2111,4474108385.164,0.247312,18,post_critical,0.854136,平静 (Equanimity),15059148.55393,283,0.00149405
2112,4488288466.3324,0.238799,18,post_critical,0.866075,平静 (Equanimity),14180081.168428,284,0.00149483
2113,4507371081.9158,0.143616,18,post_critical,0.873973,平静 (Equanimity),19082615.583339,285,0.00154149
2114,4531318007.7035,0.239671,18,post_critical,0.899742,平静 (Equanimity),23946925.787731,286,0.0015292
2115,4559814074.2227,0.212556,18,post_critical,0.887606,平静 (Equanimity),28496066.519171,287,0.00152223
2116,4596004791.9787,0.293035,18,post_critical,0.878102,平静 (Equanimity),36190717.75597,288,0.00150207
2117,4629165418.1959,0.304286,18,post_critical,0.870422,平静 (Equanimity),33160626.217206,289,0.00155609
2118,4658022126.4178,0.166361,18,post_critical,0.86267,平静 (Equanimity),28856708.22198,290,0.00158911
2119,4690265559.2334,0.262385,18,post_critical,0.881091,平静 (Equanimity),32243432.815578,291,0.00159179
2120,4724628604.6071,0.264559,18,post_critical,0.867532,平静 (Equanimity),34363045.373652,292,0.0016054
2121,4751221034.9988,0.158075,18,post_critical,0.872423,平静 (Equanimity),26592430.391701,293,0.00165307
2122,4770998753.4645,0.225773,18,post_critical,0.884408,平静 (Equanimity),19777718.465735,294,0.0015989
2123,4788880979.9683,0.242241,18,post_critical,0.886822,平静 (Equanimity),17882226.503808,295,0.00160142
2124,4814012568.7418,0.251952,18,post_critical,0.877412,平静 (Equanimity),25131588.773535,296,0.00160632
2125,4836393994.7834,0.213974,18,post_critical,0.888074,平静 (Equanimity),22381426.041568,297,0.00152795
2126,4868334301.3533,0.175602,18,post_critical,0.855492,平静 (Equanimity),31940306.569836,298,0.00155368
2127,4904144515.3523,0.27867,18,post_critical,0.890124,平静 (Equanimity),35810213.999002,299,0.0015795
2128,4942702633.2222,0.199017,18,post_critical,0.820336,平静 (Equanimity),38558117.869967,300,0.00156046
2129,4971996884.9469,0.256737,18,post_critical,0.871917,平静 (Equanimity),29294251.724639,301,0.00156415
2130,5008766568.4289,0.134634,19,post_critical,0.866826,平静 (Equanimity),36769683.482029,0,0.00163506
2131,5044938581.1559,0.259568,19,post_critical,0.88804,平静 (Equanimity),36172012.727029,1,0.00162907
2132,5080806179.7234,0.275541,19,post_critical,0.868951,平静 (Equanimity),35867598.567528,2,0.00165218
2133,5106522289.4274,0.208325,19,post_critical,0.879343,平静 (Equanimity),25716109.703975,3,0.00165515
2134,5131485628.1604,0.190366,19,post_critical,0.871438,平静 (Equanimity),24963338.73302,4,0.00165568
2135,5169756796.899,0.190312,19,post_critical,0.897732,平静 (Equanimity),38271168.738543,5,0.00164764
2136,5205888659.2495,0.195108,19,post_critical,0.907208,平静 (Equanimity),36131862.350497,6,0.00165483
2137,5246788309.662,0.178849,19,post_critical,0.871679,平静 (Equanimity),40899650.412526,7,0.00166353
2138,5287119722.8266,0.249441,19,post_critical,0.843257,平静 (Equanimity),40331413.164592,8,0.00164812
2139,5324880121.6879,0.223792,19,post_critical,0.877623,平静 (Equanimity),37760398.861286,9,0.00163793
2140,5366162181.131,0.215649,19,post_critical,0.867653,平静 (Equanimity),41282059.443166,10,0.00160465
2141,5403563012.703,0.241403,19,post_critical,0.871153,平静 (Equanimity),37400831.571945,11,0.00160543
2142,5441663454.3653,0.241981,19,post_critical,0.88652,平静 (Equanimity),38100441.662341,12,0.00160832
2143,5474862682.3211,0.231629,19,post_critical,0.865352,平静 (Equanimity),33199227.955743,13,0.0015774
2144,5509070793.466,0.232145,19,post_critical,0.868486,平静 (Equanimity),34208111.144875,14,0.00155107
2145,5540778270.173,0.235437,19,post_critical,0.885008,平静 (Equanimity),31707476.707061,15,0.00154833
2146,5559466406.2183,0.287272,19,post_critical,0.8864,平静 (Equanimity),18688136.045336,16,0.00154958
2147,5577966712.2283,0.194932,19,post_critical,0.886623,平静 (Equanimity),18500306.009915,17,0.00155383
2148,5593693308.4046,0.242603,19,post_critical,0.880879,平静 (Equanimity),15726596.176384,18,0.0014819
2149,5608493410.4298,0.258421,19,post_critical,0.883677,平静 (Equanimity),14800102.025103,19,0.00149086
2150,5626012641.5115,0.249262,19,post_critical,0.885543,平静 (Equanimity),17519231.081761,20,0.0014967
2151,5656739510.0788,0.16698,19,post_critical,0.888073,平静 (Equanimity),30726868.56725,21,0.00152498
2152,5701652562.1257,0.229626,19,post_critical,0.874434,平静 (Equanimity),44913052.046967,22,0.00152461
2153,5746109805.8302,0.172621,19,post_critical,0.891774,平静 (Equanimity),44457243.704503,23,0.00153591
2154,5793371742.7385,0.243831,19,post_critical,0.881023,平静 (Equanimity),47261936.908307,24,0.00153054
2155,5837227456.8374,0.149144,19,post_critical,0.896766,平静 (Equanimity),43855714.098819,25,0.00158166
2156,5885174029.7478,0.20966,19,post_critical,0.893057,平静 (Equanimity),47946572.91046,26,0.00158289
2157,5925568416.377,0.14874,19,post_critical,0.882797,平静 (Equanimity),40394386.629207,27,0.00163909
2158,5958099716.2401,0.225318,19,post_critical,0.880219,平静 (Equanimity),32531299.863123,28,0.0015937
2159,6004994277.8132,0.214075,19,post_critical,0.881808,平静 (Equanimity),46894561.573027,29,0.00157434
2160,6052695876.8255,0.223332,19,post_critical,0.878972,平静 (Equanimity),47701599.012321,30,0.00156166
2161,6099056009.2435,0.169369,19,post_critical,0.85995,平静 (Equanimity),46360132.417974,31,0.00158953
2162,6142707420.3949,0.145826,19,post_critical,0.878766,平静 (Equanimity),43651411.151425,32,0.0016447
2163,6191118526.3765,0.194742,19,post_critical,0.877306,平静 (Equanimity),48411105.981598,33,0.0016516
2164,6233292767.5662,0.27708,19,post_critical,0.87999,平静 (Equanimity),42174241.189726,34,0.00168272
2165,6281017202.8675,0.247256,19,post_critical,0.879536,平静 (Equanimity),47724435.30124,35,0.00167722
2166,6330583926.3844,0.248036,19,post_critical,0.891718,平静 (Equanimity),49566723.516976,36,0.00166053
2167,6379594153.3461,0.252337,19,post_critical,0.888363,平静 (Equanimity),49010226.961629,37,0.00166941
2168,6423244664.0195,0.1807,19,post_critical,0.880565,平静 (Equanimity),43650510.673425,38,0.00168525
2169,6461185764.4048,0.323159,19,post_critical,0.895528,平静 (Equanimity),37941100.38536,39,0.00178587
2170,6507947370.2465,0.242499,19,post_critical,0.902228,平静 (Equanimity),46761605.841611,40,0.00176338
2171,6551664847.3898,0.227301,19,post_critical,0.883482,平静 (Equanimity),43717477.143378,41,0.00176305
2172,6597068710.109,0.167209,19,post_critical,0.902516,平静 (Equanimity),45403862.719137,42,0.00177788
2173,6644333482.4637,0.153996,19,post_critical,0.882927,平静 (Equanimity),47264772.354694,43,0.00179439
2174,6697545016.7334,0.169133,19,post_critical,0.890545,平静 (Equanimity),53211534.26976,44,0.00178607
2175,6741742047.8062,0.254836,19,post_critical,0.880402,平静 (Equanimity),44197031.072811,45,0.00179225
2176,6788278333.3909,0.234271,19,post_critical,0.894891,平静 (Equanimity),46536285.584671,46,0.00179325
2177,6830171007.4973,0.238223,19,post_critical,0.898962,平静 (Equanimity),41892674.106339,47,0.00179552
2178,6880081410.7426,0.162001,19,post_critical,0.870408,平静 (Equanimity),49910403.245318,48,0.00183183
2179,6930323040.2346,0.203811,19,post_critical,0.892856,平静 (Equanimity),50241629.492048,49,0.00178589
2180,6987808199.2674,0.15094,19,post_critical,0.887531,平静 (Equanimity),57485159.032807,50,0.0017895
2181,7044394729.3972,0.192539,19,post_critical,0.88061,平静 (Equanimity),56586530.129778,51,0.00179046
2182,7099788504.6864,0.243802,19,post_critical,0.898316,平静 (Equanimity),55393775.289172,52,0.00176088
2183,7147981037.0809,0.23438,19,post_critical,0.891002,平静 (Equanimity),48192532.394493,53,0.00176253
2184,7187591577.1429,0.175084,19,post_critical,0.900647,平静 (Equanimity),39610540.06205,54,0.00170735
2185,7230106613.6566,0.245434,19,post_critical,0.858655,平静 (Equanimity),42515036.513711,55,0.00170223
2186,7279043847.6551,0.238714,19,post_critical,0.873996,平静 (Equanimity),48937233.998447,56,0.00169545
2187,7319029693.0018,0.209955,19,post_critical,0.873901,平静 (Equanimity),39985845.346734,57,0.0016896
2188,7362015792.0305,0.264816,19,post_critical,0.860384,平静 (Equanimity),42986099.028647,58,0.00169352
2189,7394723738.4389,0.258146,19,post_critical,0.871846,平静 (Equanimity),32707946.408437,59,0.00170711
2190,7437114695.6365,0.224325,19,post_critical,0.859126,平静 (Equanimity),42390957.197654,60,0.0016644
2191,7469773341.2664,0.199357,19,post_critical,0.863133,平静 (Equanimity),32658645.629884,61,0.00166701
2192,7513382624.1579,0.114196,19,post_critical,0.881421,平静 (Equanimity),43609282.89145,62,0.00172577
2193,7546781952.7242,0.210434,19,post_critical,0.900228,平静 (Equanimity),33399328.566322,63,0.00172494
2194,7595859236.2262,0.203291,19,post_critical,0.9004,平静 (Equanimity),49077283.502038,64,0.00172073
2195,7640407326.5245,0.1791,19,post_critical,0.897135,平静 (Equanimity),44548090.298283,65,0.00173707
2196,7696146689.1054,0.237416,19,post_critical,0.886152,平静 (Equanimity),55739362.580855,66,0.00173407
2197,7757625252.1043,0.111644,19,post_critical,0.861066,平静 (Equanimity),61478562.998942,67,0.00184853
2198,7803980151.4524,0.248735,19,post_critical,0.837069,平静 (Equanimity),46354899.348062,68,0.00184882
2199,7852270460.6417,0.218415,19,post_critical,0.866451,平静 (Equanimity),48290309.189298,69,0.00184757
2200,7891824843.8186,0.219131,19,post_critical,0.862552,平静 (Equanimity),39554383.17695,70,0.00181944
2201,7913956417.4373,0.202661,19,post_critical,0.85469,平静 (Equanimity),22131573.618651,71,0.00181144
2202,7936399210.541,0.153328,19,post_critical,0.856551,平静 (Equanimity),22442793.103734,72,0.00183014
2203,7962016407.1691,0.234779,19,post_critical,0.879816,平静 (Equanimity),25617196.628131,73,0.00180548
2204,8002447582.9473,0.219752,19,post_critical,0.880765,平静 (Equanimity),40431175.77814,74,0.00172855
2205,8041295412.865,0.174429,19,post_critical,0.883831,平静 (Equanimity),38847829.917753,75,0.0017439
2206,8103928320.4826,0.138182,19,post_critical,0.863225,平静 (Equanimity),62632907.617568,76,0.00177704
2207,8120878772.2437,0.218647,19,post_critical,0.870346,平静 (Equanimity),16950451.761133,77,0.00177091
2208,8141707403.057,0.226528,19,post_critical,0.878081,平静 (Equanimity),20828630.813258,78,0.00177182
2209,8165868214.5095,0.235307,19,post_critical,0.883297,平静 (Equanimity),24160811.452509,79,0.00177496
2210,8196263849.1318,0.232756,19,post_critical,0.882925,平静 (Equanimity),30395634.622243,80,0.00176017
2211,8226998478.2369,0.194809,19,post_critical,0.888549,平静 (Equanimity),30734629.105128,81,0.0017546
2212,8270210480.2299,0.179812,19,post_critical,0.856386,平静 (Equanimity),43212001.992987,82,0.00176156
2213,8330887722.3352,0.249593,19,post_critical,0.88065,平静 (Equanimity),60677242.105359,83,0.00172164
2214,8395229914.934,0.224544,19,post_critical,0.877333,平静 (Equanimity),64342192.598797,84,0.00171673
2215,8459262259.4397,0.244849,19,post_critical,0.898212,平静 (Equanimity),64032344.505714,85,0.00172495
2216,8493371090.0029,0.187487,19,post_critical,0.892112,平静 (Equanimity),34108830.56315,86,0.00167292
2217,8528658481.6049,0.208683,19,post_critical,0.886863,平静 (Equanimity),35287391.60205,87,0.00159286
2218,8569911453.3283,0.205188,19,post_critical,0.890542,平静 (Equanimity),41252971.72338,88,0.00157069
2219,8621446871.7458,0.19785,19,post_critical,0.896236,平静 (Equanimity),51535418.417433,89,0.00155014
2220,8684076027.9477,0.264165,19,post_critical,0.899761,平静 (Equanimity),62629156.201963,90,0.00154974
2221,8754697151.0721,0.197264,19,post_critical,0.846604,平静 (Equanimity),70621123.124353,91,0.00152121
2222,8817563071.2023,0.300512,19,post_critical,0.8704,平静 (Equanimity),62865920.130184,92,0.00159372
2223,8877646732.4757,0.228681,19,post_critical,0.890736,平静 (Equanimity),60083661.273487,93,0.00158815
2224,8947723004.9092,0.207852,19,post_critical,0.858039,平静 (Equanimity),70076272.433479,94,0.0015747
2225,9014198149.8351,0.236174,19,post_critical,0.890305,平静 (Equanimity),66475144.925932,95,0.00157938
2226,9087287358.6742,0.195224,19,post_critical,0.858413,平静 (Equanimity),73089208.839062,96,0.00156787
2227,9154473319.8372,0.206528,19,post_critical,0.876212,平静 (Equanimity),67185961.162952,97,0.00152731
2228,9195972099.935,0.253929,19,post_critical,0.879339,平静 (Equanimity),41498780.097816,98,0.00154056
2229,9230611768.0118,0.302697,19,post_critical,0.871092,平静 (Equanimity),34639668.076824,99,0.00160014
2230,9268938369.3221,0.254664,19,post_critical,0.880399,平静 (Equanimity),38326601.310329,100,0.00154951
2231,9308847898.6565,0.251375,19,post_critical,0.882556,平静 (Equanimity),39909529.334379,101,0.00154309
2232,9356390085.5766,0.214962,19,post_critical,0.880647,平静 (Equanimity),47542186.920038,102,0.00150759
2233,9392617710.417,0.23768,19,post_critical,0.851105,平静 (Equanimity),36227624.840446,103,0.00151182
2234,9420657799.4751,0.18934,19,post_critical,0.863868,平静 (Equanimity),28040089.058098,104,0.00151236
2235,9463056088.6378,0.188918,19,post_critical,0.886697,平静 (Equanimity),42398289.162739,105,0.00151309
2236,9528937671.6763,0.150653,19,post_critical,0.899007,平静 (Equanimity),65881583.038452,106,0.00155116
2237,9574288266.7783,0.323948,19,post_critical,0.896843,平静 (Equanimity),45350595.101974,107,0.0016533
2238,9616946434.8314,0.138303,19,post_critical,0.899071,平静 (Equanimity),42658168.053104,108,0.00170331
2239,9670361098.9772,0.23538,19,post_critical,0.886013,平静 (Equanimity),53414664.145857,109,0.00170649
2240,9728622083.8526,0.178267,19,post_critical,0.864442,平静 (Equanimity),58260984.875343,110,0.00172054
2241,9771737203.4384,0.205712,19,post_critical,0.876803,平静 (Equanimity),43115119.585871,111,0.0017147
2242,9846127092.3373,0.244691,19,post_critical,0.879572,平静 (Equanimity),74389888.89888,112,0.00171622
2243,9922560561.206,0.156038,19,post_critical,0.89173,平静 (Equanimity),76433468.868713,113,0.00174799
2244,10001081938.4502,0.122128,20,post_critical,0.877798,平静 (Equanimity),78521377.244131,0,0.00182893
